COMUNE;COMUNE ADIACENTE;Provincia;Regione;Provincia comune vicino;Regione comune vicino;Zona appertenenza protezione civile;Sigla provincia
Agazzano;Borgonovo Val Tidone;Piacenza;Emilia-Romagna;Piacenza;Emilia-Romagna;H1;PC
Agazzano;Gazzola;Piacenza;Emilia-Romagna;Piacenza;Emilia-Romagna;H1;PC
Agazzano;Gragnano Trebbiense;Piacenza;Emilia-Romagna;Piacenza;Emilia-Romagna;H1;PC
Agazzano;Pianello Val Tidone;Piacenza;Emilia-Romagna;Piacenza;Emilia-Romagna;H1;PC
Agazzano;Piozzano;Piacenza;Emilia-Romagna;Piacenza;Emilia-Romagna;H1;PC
Alseno;Besenzone;Piacenza;Emilia-Romagna;Piacenza;Emilia-Romagna;H1;PC
Alseno;Castell'Arquato;Piacenza;Emilia-Romagna;Piacenza;Emilia-Romagna;H1;PC
Alseno;Fiorenzuola d'Arda;Piacenza;Emilia-Romagna;Piacenza;Emilia-Romagna;H1;PC
Alseno;Vernasca;Piacenza;Emilia-Romagna;Piacenza;Emilia-Romagna;H1;PC
Alseno;Busseto;Piacenza;Emilia-Romagna;Parma;Emilia-Romagna;H1;PC
Alseno;Fidenza;Piacenza;Emilia-Romagna;Parma;Emilia-Romagna;H1;PC
Alseno;Salsomaggiore Terme;Piacenza;Emilia-Romagna;Parma;Emilia-Romagna;H1;PC
Alta Val Tidone;Colli Verdi;Piacenza;Emilia-Romagna;Pavia;Lombardia;H1;PC
Alta Val Tidone;Golferenzo;Piacenza;Emilia-Romagna;Pavia;Lombardia;H1;PC
Alta Val Tidone;Romagnese;Piacenza;Emilia-Romagna;Pavia;Lombardia;H1;PC
Alta Val Tidone;Santa Maria della Versa;Piacenza;Emilia-Romagna;Pavia;Lombardia;H1;PC
Alta Val Tidone;Volpara;Piacenza;Emilia-Romagna;Pavia;Lombardia;H1;PC
Alta Val Tidone;Zavattarello;Piacenza;Emilia-Romagna;Pavia;Lombardia;H1;PC
Alta Val Tidone;Bobbio;Piacenza;Emilia-Romagna;Piacenza;Emilia-Romagna;H1;PC
Alta Val Tidone;Borgonovo Val Tidone;Piacenza;Emilia-Romagna;Piacenza;Emilia-Romagna;H1;PC
Alta Val Tidone;Pianello Val Tidone;Piacenza;Emilia-Romagna;Piacenza;Emilia-Romagna;H1;PC
Alta Val Tidone;Piozzano;Piacenza;Emilia-Romagna;Piacenza;Emilia-Romagna;H1;PC
Alta Val Tidone;Travo;Piacenza;Emilia-Romagna;Piacenza;Emilia-Romagna;H1;PC
Alta Val Tidone;Ziano Piacentino;Piacenza;Emilia-Romagna;Piacenza;Emilia-Romagna;H1;PC
Besenzone;Alseno;Piacenza;Emilia-Romagna;Piacenza;Emilia-Romagna;H2;PC
Besenzone;Cortemaggiore;Piacenza;Emilia-Romagna;Piacenza;Emilia-Romagna;H2;PC
Besenzone;Fiorenzuola d'Arda;Piacenza;Emilia-Romagna;Piacenza;Emilia-Romagna;H2;PC
Besenzone;Villanova sull'Arda;Piacenza;Emilia-Romagna;Piacenza;Emilia-Romagna;H2;PC
Besenzone;Busseto;Piacenza;Emilia-Romagna;Parma;Emilia-Romagna;H2;PC
Bettola;Coli;Piacenza;Emilia-Romagna;Piacenza;Emilia-Romagna;G2;PC
Bettola;Farini;Piacenza;Emilia-Romagna;Piacenza;Emilia-Romagna;G2;PC
Bettola;Gropparello;Piacenza;Emilia-Romagna;Piacenza;Emilia-Romagna;G2;PC
Bettola;Morfasso;Piacenza;Emilia-Romagna;Piacenza;Emilia-Romagna;G2;PC
Bettola;Ponte dell'Olio;Piacenza;Emilia-Romagna;Piacenza;Emilia-Romagna;G2;PC
Bettola;Travo;Piacenza;Emilia-Romagna;Piacenza;Emilia-Romagna;G2;PC
Bettola;Vigolzone;Piacenza;Emilia-Romagna;Piacenza;Emilia-Romagna;G2;PC
Bobbio;Brallo di Pregola;Piacenza;Emilia-Romagna;Pavia;Lombardia;G2;PC
Bobbio;Menconico;Piacenza;Emilia-Romagna;Pavia;Lombardia;G2;PC
Bobbio;Romagnese;Piacenza;Emilia-Romagna;Pavia;Lombardia;G2;PC
Bobbio;Santa Margherita di Staffora;Piacenza;Emilia-Romagna;Pavia;Lombardia;G2;PC
Bobbio;Alta Val Tidone;Piacenza;Emilia-Romagna;Piacenza;Emilia-Romagna;G2;PC
Bobbio;Coli;Piacenza;Emilia-Romagna;Piacenza;Emilia-Romagna;G2;PC
Bobbio;Corte Brugnatella;Piacenza;Emilia-Romagna;Piacenza;Emilia-Romagna;G2;PC
Bobbio;Piozzano;Piacenza;Emilia-Romagna;Piacenza;Emilia-Romagna;G2;PC
Bobbio;Travo;Piacenza;Emilia-Romagna;Piacenza;Emilia-Romagna;G2;PC
Borgonovo Val Tidone;Agazzano;Piacenza;Emilia-Romagna;Piacenza;Emilia-Romagna;H1;PC
Borgonovo Val Tidone;Alta Val Tidone;Piacenza;Emilia-Romagna;Piacenza;Emilia-Romagna;H1;PC
Borgonovo Val Tidone;Castel San Giovanni;Piacenza;Emilia-Romagna;Piacenza;Emilia-Romagna;H1;PC
Borgonovo Val Tidone;Gragnano Trebbiense;Piacenza;Emilia-Romagna;Piacenza;Emilia-Romagna;H1;PC
Borgonovo Val Tidone;Pianello Val Tidone;Piacenza;Emilia-Romagna;Piacenza;Emilia-Romagna;H1;PC
Borgonovo Val Tidone;Rottofreno;Piacenza;Emilia-Romagna;Piacenza;Emilia-Romagna;H1;PC
Borgonovo Val Tidone;Sarmato;Piacenza;Emilia-Romagna;Piacenza;Emilia-Romagna;H1;PC
Borgonovo Val Tidone;Ziano Piacentino;Piacenza;Emilia-Romagna;Piacenza;Emilia-Romagna;H1;PC
Cadeo;Carpaneto Piacentino;Piacenza;Emilia-Romagna;Piacenza;Emilia-Romagna;H2;PC
Cadeo;Cortemaggiore;Piacenza;Emilia-Romagna;Piacenza;Emilia-Romagna;H2;PC
Cadeo;Fiorenzuola d'Arda;Piacenza;Emilia-Romagna;Piacenza;Emilia-Romagna;H2;PC
Cadeo;Pontenure;Piacenza;Emilia-Romagna;Piacenza;Emilia-Romagna;H2;PC
Calendasco;Monticelli Pavese;Piacenza;Emilia-Romagna;Pavia;Lombardia;H2;PC
Calendasco;Guardamiglio;Piacenza;Emilia-Romagna;Carbonia-Iglesias (soppressa 2016);Sardegna;H2;PC
Calendasco;Orio Litta;Piacenza;Emilia-Romagna;Carbonia-Iglesias (soppressa 2016);Sardegna;H2;PC
Calendasco;San Rocco al Porto;Piacenza;Emilia-Romagna;Carbonia-Iglesias (soppressa 2016);Sardegna;H2;PC
Calendasco;Senna Lodigiana;Piacenza;Emilia-Romagna;Carbonia-Iglesias (soppressa 2016);Sardegna;H2;PC
Calendasco;Somaglia;Piacenza;Emilia-Romagna;Carbonia-Iglesias (soppressa 2016);Sardegna;H2;PC
Calendasco;Piacenza;Piacenza;Emilia-Romagna;Piacenza;Emilia-Romagna;H2;PC
Calendasco;Rottofreno;Piacenza;Emilia-Romagna;Piacenza;Emilia-Romagna;H2;PC
Caorso;Caselle Landi;Piacenza;Emilia-Romagna;Carbonia-Iglesias (soppressa 2016);Sardegna;H2;PC
Caorso;Castelnuovo Bocca d'Adda;Piacenza;Emilia-Romagna;Carbonia-Iglesias (soppressa 2016);Sardegna;H2;PC
Caorso;Cortemaggiore;Piacenza;Emilia-Romagna;Piacenza;Emilia-Romagna;H2;PC
Caorso;Monticelli d'Ongina;Piacenza;Emilia-Romagna;Piacenza;Emilia-Romagna;H2;PC
Caorso;Piacenza;Piacenza;Emilia-Romagna;Piacenza;Emilia-Romagna;H2;PC
Caorso;Pontenure;Piacenza;Emilia-Romagna;Piacenza;Emilia-Romagna;H2;PC
Caorso;San Pietro in Cerro;Piacenza;Emilia-Romagna;Piacenza;Emilia-Romagna;H2;PC
Carpaneto Piacentino;Cadeo;Piacenza;Emilia-Romagna;Piacenza;Emilia-Romagna;H1;PC
Carpaneto Piacentino;Castell'Arquato;Piacenza;Emilia-Romagna;Piacenza;Emilia-Romagna;H1;PC
Carpaneto Piacentino;Fiorenzuola d'Arda;Piacenza;Emilia-Romagna;Piacenza;Emilia-Romagna;H1;PC
Carpaneto Piacentino;Gropparello;Piacenza;Emilia-Romagna;Piacenza;Emilia-Romagna;H1;PC
Carpaneto Piacentino;Lugagnano Val d'Arda;Piacenza;Emilia-Romagna;Piacenza;Emilia-Romagna;H1;PC
Carpaneto Piacentino;Pontenure;Piacenza;Emilia-Romagna;Piacenza;Emilia-Romagna;H1;PC
Carpaneto Piacentino;San Giorgio Piacentino;Piacenza;Emilia-Romagna;Piacenza;Emilia-Romagna;H1;PC
Castel San Giovanni;Arena Po;Piacenza;Emilia-Romagna;Pavia;Lombardia;H2;PC
Castel San Giovanni;Bosnasco;Piacenza;Emilia-Romagna;Pavia;Lombardia;H2;PC
Castel San Giovanni;Pieve Porto Morone;Piacenza;Emilia-Romagna;Pavia;Lombardia;H2;PC
Castel San Giovanni;Rovescala;Piacenza;Emilia-Romagna;Pavia;Lombardia;H2;PC
Castel San Giovanni;San Damiano al Colle;Piacenza;Emilia-Romagna;Pavia;Lombardia;H2;PC
Castel San Giovanni;Borgonovo Val Tidone;Piacenza;Emilia-Romagna;Piacenza;Emilia-Romagna;H2;PC
Castel San Giovanni;Sarmato;Piacenza;Emilia-Romagna;Piacenza;Emilia-Romagna;H2;PC
Castel San Giovanni;Ziano Piacentino;Piacenza;Emilia-Romagna;Piacenza;Emilia-Romagna;H2;PC
Castell'Arquato;Alseno;Piacenza;Emilia-Romagna;Piacenza;Emilia-Romagna;H1;PC
Castell'Arquato;Carpaneto Piacentino;Piacenza;Emilia-Romagna;Piacenza;Emilia-Romagna;H1;PC
Castell'Arquato;Fiorenzuola d'Arda;Piacenza;Emilia-Romagna;Piacenza;Emilia-Romagna;H1;PC
Castell'Arquato;Lugagnano Val d'Arda;Piacenza;Emilia-Romagna;Piacenza;Emilia-Romagna;H1;PC
Castell'Arquato;Vernasca;Piacenza;Emilia-Romagna;Piacenza;Emilia-Romagna;H1;PC
Castelvetro Piacentino;Cremona;Piacenza;Emilia-Romagna;Cremona;Lombardia;H2;PC
Castelvetro Piacentino;Gerre de' Caprioli;Piacenza;Emilia-Romagna;Cremona;Lombardia;H2;PC
Castelvetro Piacentino;Spinadesco;Piacenza;Emilia-Romagna;Cremona;Lombardia;H2;PC
Castelvetro Piacentino;Stagno Lombardo;Piacenza;Emilia-Romagna;Cremona;Lombardia;H2;PC
Castelvetro Piacentino;Monticelli d'Ongina;Piacenza;Emilia-Romagna;Piacenza;Emilia-Romagna;H2;PC
Castelvetro Piacentino;Villanova sull'Arda;Piacenza;Emilia-Romagna;Piacenza;Emilia-Romagna;H2;PC
Cerignale;Brallo di Pregola;Piacenza;Emilia-Romagna;Pavia;Lombardia;G1;PC
Cerignale;Corte Brugnatella;Piacenza;Emilia-Romagna;Piacenza;Emilia-Romagna;G1;PC
Cerignale;Ferriere;Piacenza;Emilia-Romagna;Piacenza;Emilia-Romagna;G1;PC
Cerignale;Ottone;Piacenza;Emilia-Romagna;Piacenza;Emilia-Romagna;G1;PC
Cerignale;Zerba;Piacenza;Emilia-Romagna;Piacenza;Emilia-Romagna;G1;PC
Coli;Bettola;Piacenza;Emilia-Romagna;Piacenza;Emilia-Romagna;G1;PC
Coli;Bobbio;Piacenza;Emilia-Romagna;Piacenza;Emilia-Romagna;G1;PC
Coli;Corte Brugnatella;Piacenza;Emilia-Romagna;Piacenza;Emilia-Romagna;G1;PC
Coli;Farini;Piacenza;Emilia-Romagna;Piacenza;Emilia-Romagna;G1;PC
Coli;Ferriere;Piacenza;Emilia-Romagna;Piacenza;Emilia-Romagna;G1;PC
Coli;Travo;Piacenza;Emilia-Romagna;Piacenza;Emilia-Romagna;G1;PC
Corte Brugnatella;Brallo di Pregola;Piacenza;Emilia-Romagna;Pavia;Lombardia;G1;PC
Corte Brugnatella;Bobbio;Piacenza;Emilia-Romagna;Piacenza;Emilia-Romagna;G1;PC
Corte Brugnatella;Cerignale;Piacenza;Emilia-Romagna;Piacenza;Emilia-Romagna;G1;PC
Corte Brugnatella;Coli;Piacenza;Emilia-Romagna;Piacenza;Emilia-Romagna;G1;PC
Corte Brugnatella;Ferriere;Piacenza;Emilia-Romagna;Piacenza;Emilia-Romagna;G1;PC
Cortemaggiore;Besenzone;Piacenza;Emilia-Romagna;Piacenza;Emilia-Romagna;H2;PC
Cortemaggiore;Cadeo;Piacenza;Emilia-Romagna;Piacenza;Emilia-Romagna;H2;PC
Cortemaggiore;Caorso;Piacenza;Emilia-Romagna;Piacenza;Emilia-Romagna;H2;PC
Cortemaggiore;Fiorenzuola d'Arda;Piacenza;Emilia-Romagna;Piacenza;Emilia-Romagna;H2;PC
Cortemaggiore;Pontenure;Piacenza;Emilia-Romagna;Piacenza;Emilia-Romagna;H2;PC
Cortemaggiore;San Pietro in Cerro;Piacenza;Emilia-Romagna;Piacenza;Emilia-Romagna;H2;PC
Cortemaggiore;Villanova sull'Arda;Piacenza;Emilia-Romagna;Piacenza;Emilia-Romagna;H2;PC
Farini;Bettola;Piacenza;Emilia-Romagna;Piacenza;Emilia-Romagna;G2;PR
Farini;Coli;Piacenza;Emilia-Romagna;Piacenza;Emilia-Romagna;G2;PR
Farini;Ferriere;Piacenza;Emilia-Romagna;Piacenza;Emilia-Romagna;G2;PR
Farini;Morfasso;Piacenza;Emilia-Romagna;Piacenza;Emilia-Romagna;G2;PR
Farini;Bardi;Piacenza;Emilia-Romagna;Parma;Emilia-Romagna;G2;PR
Ferriere;Rezzoaglio;Piacenza;Emilia-Romagna;Genova;Liguria;G1;PC
Ferriere;Santo Stefano d'Aveto;Piacenza;Emilia-Romagna;Genova;Liguria;G1;PC
Ferriere;Cerignale;Piacenza;Emilia-Romagna;Piacenza;Emilia-Romagna;G1;PC
Ferriere;Coli;Piacenza;Emilia-Romagna;Piacenza;Emilia-Romagna;G1;PC
Ferriere;Corte Brugnatella;Piacenza;Emilia-Romagna;Piacenza;Emilia-Romagna;G1;PC
Ferriere;Farini;Piacenza;Emilia-Romagna;Piacenza;Emilia-Romagna;G1;PC
Ferriere;Ottone;Piacenza;Emilia-Romagna;Piacenza;Emilia-Romagna;G1;PC
Ferriere;Bardi;Piacenza;Emilia-Romagna;Parma;Emilia-Romagna;G1;PC
Ferriere;Bedonia;Piacenza;Emilia-Romagna;Parma;Emilia-Romagna;G1;PC
Fiorenzuola d'Arda;Alseno;Piacenza;Emilia-Romagna;Piacenza;Emilia-Romagna;H2;PC
Fiorenzuola d'Arda;Besenzone;Piacenza;Emilia-Romagna;Piacenza;Emilia-Romagna;H2;PC
Fiorenzuola d'Arda;Cadeo;Piacenza;Emilia-Romagna;Piacenza;Emilia-Romagna;H2;PC
Fiorenzuola d'Arda;Carpaneto Piacentino;Piacenza;Emilia-Romagna;Piacenza;Emilia-Romagna;H2;PC
Fiorenzuola d'Arda;Castell'Arquato;Piacenza;Emilia-Romagna;Piacenza;Emilia-Romagna;H2;PC
Fiorenzuola d'Arda;Cortemaggiore;Piacenza;Emilia-Romagna;Piacenza;Emilia-Romagna;H2;PC
Gazzola;Agazzano;Piacenza;Emilia-Romagna;Piacenza;Emilia-Romagna;H1;PC
Gazzola;Gossolengo;Piacenza;Emilia-Romagna;Piacenza;Emilia-Romagna;H1;PC
Gazzola;Gragnano Trebbiense;Piacenza;Emilia-Romagna;Piacenza;Emilia-Romagna;H1;PC
Gazzola;Piozzano;Piacenza;Emilia-Romagna;Piacenza;Emilia-Romagna;H1;PC
Gazzola;Rivergaro;Piacenza;Emilia-Romagna;Piacenza;Emilia-Romagna;H1;PC
Gazzola;Travo;Piacenza;Emilia-Romagna;Piacenza;Emilia-Romagna;H1;PC
Gossolengo;Gazzola;Piacenza;Emilia-Romagna;Piacenza;Emilia-Romagna;H2;PC
Gossolengo;Gragnano Trebbiense;Piacenza;Emilia-Romagna;Piacenza;Emilia-Romagna;H2;PC
Gossolengo;Piacenza;Piacenza;Emilia-Romagna;Piacenza;Emilia-Romagna;H2;PC
Gossolengo;Podenzano;Piacenza;Emilia-Romagna;Piacenza;Emilia-Romagna;H2;PC
Gossolengo;Rivergaro;Piacenza;Emilia-Romagna;Piacenza;Emilia-Romagna;H2;PC
Gragnano Trebbiense;Agazzano;Piacenza;Emilia-Romagna;Piacenza;Emilia-Romagna;H2;PC
Gragnano Trebbiense;Borgonovo Val Tidone;Piacenza;Emilia-Romagna;Piacenza;Emilia-Romagna;H2;PC
Gragnano Trebbiense;Gazzola;Piacenza;Emilia-Romagna;Piacenza;Emilia-Romagna;H2;PC
Gragnano Trebbiense;Gossolengo;Piacenza;Emilia-Romagna;Piacenza;Emilia-Romagna;H2;PC
Gragnano Trebbiense;Piacenza;Piacenza;Emilia-Romagna;Piacenza;Emilia-Romagna;H2;PC
Gragnano Trebbiense;Rottofreno;Piacenza;Emilia-Romagna;Piacenza;Emilia-Romagna;H2;PC
Gropparello;Bettola;Piacenza;Emilia-Romagna;Piacenza;Emilia-Romagna;H1;PC
Gropparello;Carpaneto Piacentino;Piacenza;Emilia-Romagna;Piacenza;Emilia-Romagna;H1;PC
Gropparello;Lugagnano Val d'Arda;Piacenza;Emilia-Romagna;Piacenza;Emilia-Romagna;H1;PC
Gropparello;Morfasso;Piacenza;Emilia-Romagna;Piacenza;Emilia-Romagna;H1;PC
Gropparello;Ponte dell'Olio;Piacenza;Emilia-Romagna;Piacenza;Emilia-Romagna;H1;PC
Gropparello;San Giorgio Piacentino;Piacenza;Emilia-Romagna;Piacenza;Emilia-Romagna;H1;PC
Lugagnano Val d'Arda;Carpaneto Piacentino;Piacenza;Emilia-Romagna;Piacenza;Emilia-Romagna;H1;PR
Lugagnano Val d'Arda;Castell'Arquato;Piacenza;Emilia-Romagna;Piacenza;Emilia-Romagna;H1;PR
Lugagnano Val d'Arda;Gropparello;Piacenza;Emilia-Romagna;Piacenza;Emilia-Romagna;H1;PR
Lugagnano Val d'Arda;Morfasso;Piacenza;Emilia-Romagna;Piacenza;Emilia-Romagna;H1;PR
Lugagnano Val d'Arda;Vernasca;Piacenza;Emilia-Romagna;Piacenza;Emilia-Romagna;H1;PR
Monticelli d'Ongina;Cremona;Piacenza;Emilia-Romagna;Cremona;Lombardia;H2;PC
Monticelli d'Ongina;Crotta d'Adda;Piacenza;Emilia-Romagna;Cremona;Lombardia;H2;PC
Monticelli d'Ongina;Spinadesco;Piacenza;Emilia-Romagna;Cremona;Lombardia;H2;PC
Monticelli d'Ongina;Castelnuovo Bocca d'Adda;Piacenza;Emilia-Romagna;Carbonia-Iglesias (soppressa 2016);Sardegna;H2;PC
Monticelli d'Ongina;Caorso;Piacenza;Emilia-Romagna;Piacenza;Emilia-Romagna;H2;PC
Monticelli d'Ongina;Castelvetro Piacentino;Piacenza;Emilia-Romagna;Piacenza;Emilia-Romagna;H2;PC
Monticelli d'Ongina;San Pietro in Cerro;Piacenza;Emilia-Romagna;Piacenza;Emilia-Romagna;H2;PC
Monticelli d'Ongina;Villanova sull'Arda;Piacenza;Emilia-Romagna;Piacenza;Emilia-Romagna;H2;PC
Morfasso;Bettola;Piacenza;Emilia-Romagna;Piacenza;Emilia-Romagna;H1;PC
Morfasso;Farini;Piacenza;Emilia-Romagna;Piacenza;Emilia-Romagna;H1;PC
Morfasso;Gropparello;Piacenza;Emilia-Romagna;Piacenza;Emilia-Romagna;H1;PC
Morfasso;Lugagnano Val d'Arda;Piacenza;Emilia-Romagna;Piacenza;Emilia-Romagna;H1;PC
Morfasso;Vernasca;Piacenza;Emilia-Romagna;Piacenza;Emilia-Romagna;H1;PC
Morfasso;Bardi;Piacenza;Emilia-Romagna;Parma;Emilia-Romagna;H1;PC
Morfasso;Bore;Piacenza;Emilia-Romagna;Parma;Emilia-Romagna;H1;PC
Ottone;Cabella Ligure;Piacenza;Emilia-Romagna;Alessandria;Piemonte;G1;PC
Ottone;Carrega Ligure;Piacenza;Emilia-Romagna;Alessandria;Piemonte;G1;PC
Ottone;Gorreto;Piacenza;Emilia-Romagna;Genova;Liguria;G1;PC
Ottone;Rezzoaglio;Piacenza;Emilia-Romagna;Genova;Liguria;G1;PC
Ottone;Rovegno;Piacenza;Emilia-Romagna;Genova;Liguria;G1;PC
Ottone;Cerignale;Piacenza;Emilia-Romagna;Piacenza;Emilia-Romagna;G1;PC
Ottone;Ferriere;Piacenza;Emilia-Romagna;Piacenza;Emilia-Romagna;G1;PC
Ottone;Zerba;Piacenza;Emilia-Romagna;Piacenza;Emilia-Romagna;G1;PC
Piacenza;Caselle Landi;Piacenza;Emilia-Romagna;Carbonia-Iglesias (soppressa 2016);Sardegna;H2;PC
Piacenza;Corno Giovine;Piacenza;Emilia-Romagna;Carbonia-Iglesias (soppressa 2016);Sardegna;H2;PC
Piacenza;San Rocco al Porto;Piacenza;Emilia-Romagna;Carbonia-Iglesias (soppressa 2016);Sardegna;H2;PC
Piacenza;Santo Stefano Lodigiano;Piacenza;Emilia-Romagna;Carbonia-Iglesias (soppressa 2016);Sardegna;H2;PC
Piacenza;Calendasco;Piacenza;Emilia-Romagna;Piacenza;Emilia-Romagna;H2;PC
Piacenza;Caorso;Piacenza;Emilia-Romagna;Piacenza;Emilia-Romagna;H2;PC
Piacenza;Gossolengo;Piacenza;Emilia-Romagna;Piacenza;Emilia-Romagna;H2;PC
Piacenza;Gragnano Trebbiense;Piacenza;Emilia-Romagna;Piacenza;Emilia-Romagna;H2;PC
Piacenza;Podenzano;Piacenza;Emilia-Romagna;Piacenza;Emilia-Romagna;H2;PC
Piacenza;Pontenure;Piacenza;Emilia-Romagna;Piacenza;Emilia-Romagna;H2;PC
Piacenza;Rottofreno;Piacenza;Emilia-Romagna;Piacenza;Emilia-Romagna;H2;PC
Pianello Val Tidone;Agazzano;Piacenza;Emilia-Romagna;Piacenza;Emilia-Romagna;H1;PC
Pianello Val Tidone;Alta Val Tidone;Piacenza;Emilia-Romagna;Piacenza;Emilia-Romagna;H1;PC
Pianello Val Tidone;Borgonovo Val Tidone;Piacenza;Emilia-Romagna;Piacenza;Emilia-Romagna;H1;PC
Pianello Val Tidone;Piozzano;Piacenza;Emilia-Romagna;Piacenza;Emilia-Romagna;H1;PC
Piozzano;Agazzano;Piacenza;Emilia-Romagna;Piacenza;Emilia-Romagna;H1;PC
Piozzano;Alta Val Tidone;Piacenza;Emilia-Romagna;Piacenza;Emilia-Romagna;H1;PC
Piozzano;Bobbio;Piacenza;Emilia-Romagna;Piacenza;Emilia-Romagna;H1;PC
Piozzano;Gazzola;Piacenza;Emilia-Romagna;Piacenza;Emilia-Romagna;H1;PC
Piozzano;Pianello Val Tidone;Piacenza;Emilia-Romagna;Piacenza;Emilia-Romagna;H1;PC
Piozzano;Travo;Piacenza;Emilia-Romagna;Piacenza;Emilia-Romagna;H1;PC
Podenzano;Gossolengo;Piacenza;Emilia-Romagna;Piacenza;Emilia-Romagna;H2;PC
Podenzano;Piacenza;Piacenza;Emilia-Romagna;Piacenza;Emilia-Romagna;H2;PC
Podenzano;Pontenure;Piacenza;Emilia-Romagna;Piacenza;Emilia-Romagna;H2;PC
Podenzano;Rivergaro;Piacenza;Emilia-Romagna;Piacenza;Emilia-Romagna;H2;PC
Podenzano;San Giorgio Piacentino;Piacenza;Emilia-Romagna;Piacenza;Emilia-Romagna;H2;PC
Podenzano;Vigolzone;Piacenza;Emilia-Romagna;Piacenza;Emilia-Romagna;H2;PC
Ponte dell'Olio;Bettola;Piacenza;Emilia-Romagna;Piacenza;Emilia-Romagna;H1;PC
Ponte dell'Olio;Gropparello;Piacenza;Emilia-Romagna;Piacenza;Emilia-Romagna;H1;PC
Ponte dell'Olio;San Giorgio Piacentino;Piacenza;Emilia-Romagna;Piacenza;Emilia-Romagna;H1;PC
Ponte dell'Olio;Vigolzone;Piacenza;Emilia-Romagna;Piacenza;Emilia-Romagna;H1;PC
Pontenure;Cadeo;Piacenza;Emilia-Romagna;Piacenza;Emilia-Romagna;H2;PC
Pontenure;Caorso;Piacenza;Emilia-Romagna;Piacenza;Emilia-Romagna;H2;PC
Pontenure;Carpaneto Piacentino;Piacenza;Emilia-Romagna;Piacenza;Emilia-Romagna;H2;PC
Pontenure;Cortemaggiore;Piacenza;Emilia-Romagna;Piacenza;Emilia-Romagna;H2;PC
Pontenure;Piacenza;Piacenza;Emilia-Romagna;Piacenza;Emilia-Romagna;H2;PC
Pontenure;Podenzano;Piacenza;Emilia-Romagna;Piacenza;Emilia-Romagna;H2;PC
Pontenure;San Giorgio Piacentino;Piacenza;Emilia-Romagna;Piacenza;Emilia-Romagna;H2;PC
Rivergaro;Gazzola;Piacenza;Emilia-Romagna;Piacenza;Emilia-Romagna;H1;PC
Rivergaro;Gossolengo;Piacenza;Emilia-Romagna;Piacenza;Emilia-Romagna;H1;PC
Rivergaro;Podenzano;Piacenza;Emilia-Romagna;Piacenza;Emilia-Romagna;H1;PC
Rivergaro;Travo;Piacenza;Emilia-Romagna;Piacenza;Emilia-Romagna;H1;PC
Rivergaro;Vigolzone;Piacenza;Emilia-Romagna;Piacenza;Emilia-Romagna;H1;PC
Rottofreno;Chignolo Po;Piacenza;Emilia-Romagna;Pavia;Lombardia;H2;PC
Rottofreno;Monticelli Pavese;Piacenza;Emilia-Romagna;Pavia;Lombardia;H2;PC
Rottofreno;Borgonovo Val Tidone;Piacenza;Emilia-Romagna;Piacenza;Emilia-Romagna;H2;PC
Rottofreno;Calendasco;Piacenza;Emilia-Romagna;Piacenza;Emilia-Romagna;H2;PC
Rottofreno;Gragnano Trebbiense;Piacenza;Emilia-Romagna;Piacenza;Emilia-Romagna;H2;PC
Rottofreno;Piacenza;Piacenza;Emilia-Romagna;Piacenza;Emilia-Romagna;H2;PC
Rottofreno;Sarmato;Piacenza;Emilia-Romagna;Piacenza;Emilia-Romagna;H2;PC
San Giorgio Piacentino;Carpaneto Piacentino;Piacenza;Emilia-Romagna;Piacenza;Emilia-Romagna;H1;PC
San Giorgio Piacentino;Gropparello;Piacenza;Emilia-Romagna;Piacenza;Emilia-Romagna;H1;PC
San Giorgio Piacentino;Podenzano;Piacenza;Emilia-Romagna;Piacenza;Emilia-Romagna;H1;PC
San Giorgio Piacentino;Ponte dell'Olio;Piacenza;Emilia-Romagna;Piacenza;Emilia-Romagna;H1;PC
San Giorgio Piacentino;Pontenure;Piacenza;Emilia-Romagna;Piacenza;Emilia-Romagna;H1;PC
San Giorgio Piacentino;Vigolzone;Piacenza;Emilia-Romagna;Piacenza;Emilia-Romagna;H1;PC
San Pietro in Cerro;Caorso;Piacenza;Emilia-Romagna;Piacenza;Emilia-Romagna;H2;PC
San Pietro in Cerro;Cortemaggiore;Piacenza;Emilia-Romagna;Piacenza;Emilia-Romagna;H2;PC
San Pietro in Cerro;Monticelli d'Ongina;Piacenza;Emilia-Romagna;Piacenza;Emilia-Romagna;H2;PC
San Pietro in Cerro;Villanova sull'Arda;Piacenza;Emilia-Romagna;Piacenza;Emilia-Romagna;H2;PC
Sarmato;Monticelli Pavese;Piacenza;Emilia-Romagna;Pavia;Lombardia;H2;PC
Sarmato;Pieve Porto Morone;Piacenza;Emilia-Romagna;Pavia;Lombardia;H2;PC
Sarmato;Borgonovo Val Tidone;Piacenza;Emilia-Romagna;Piacenza;Emilia-Romagna;H2;PC
Sarmato;Castel San Giovanni;Piacenza;Emilia-Romagna;Piacenza;Emilia-Romagna;H2;PC
Sarmato;Rottofreno;Piacenza;Emilia-Romagna;Piacenza;Emilia-Romagna;H2;PC
Travo;Alta Val Tidone;Piacenza;Emilia-Romagna;Piacenza;Emilia-Romagna;G2;PC
Travo;Bettola;Piacenza;Emilia-Romagna;Piacenza;Emilia-Romagna;G2;PC
Travo;Bobbio;Piacenza;Emilia-Romagna;Piacenza;Emilia-Romagna;G2;PC
Travo;Coli;Piacenza;Emilia-Romagna;Piacenza;Emilia-Romagna;G2;PC
Travo;Gazzola;Piacenza;Emilia-Romagna;Piacenza;Emilia-Romagna;G2;PC
Travo;Piozzano;Piacenza;Emilia-Romagna;Piacenza;Emilia-Romagna;G2;PC
Travo;Rivergaro;Piacenza;Emilia-Romagna;Piacenza;Emilia-Romagna;G2;PC
Travo;Vigolzone;Piacenza;Emilia-Romagna;Piacenza;Emilia-Romagna;G2;PC
Vernasca;Alseno;Piacenza;Emilia-Romagna;Piacenza;Emilia-Romagna;H1;PC
Vernasca;Castell'Arquato;Piacenza;Emilia-Romagna;Piacenza;Emilia-Romagna;H1;PC
Vernasca;Lugagnano Val d'Arda;Piacenza;Emilia-Romagna;Piacenza;Emilia-Romagna;H1;PC
Vernasca;Morfasso;Piacenza;Emilia-Romagna;Piacenza;Emilia-Romagna;H1;PC
Vernasca;Bore;Piacenza;Emilia-Romagna;Parma;Emilia-Romagna;H1;PC
Vernasca;Pellegrino Parmense;Piacenza;Emilia-Romagna;Parma;Emilia-Romagna;H1;PC
Vernasca;Salsomaggiore Terme;Piacenza;Emilia-Romagna;Parma;Emilia-Romagna;H1;PC
Vigolzone;Bettola;Piacenza;Emilia-Romagna;Piacenza;Emilia-Romagna;H1;PC
Vigolzone;Podenzano;Piacenza;Emilia-Romagna;Piacenza;Emilia-Romagna;H1;PC
Vigolzone;Ponte dell'Olio;Piacenza;Emilia-Romagna;Piacenza;Emilia-Romagna;H1;PC
Vigolzone;Rivergaro;Piacenza;Emilia-Romagna;Piacenza;Emilia-Romagna;H1;PC
Vigolzone;San Giorgio Piacentino;Piacenza;Emilia-Romagna;Piacenza;Emilia-Romagna;H1;PC
Vigolzone;Travo;Piacenza;Emilia-Romagna;Piacenza;Emilia-Romagna;H1;PC
Villanova sull'Arda;Stagno Lombardo;Piacenza;Emilia-Romagna;Cremona;Lombardia;H2;PC
Villanova sull'Arda;Besenzone;Piacenza;Emilia-Romagna;Piacenza;Emilia-Romagna;H2;PC
Villanova sull'Arda;Castelvetro Piacentino;Piacenza;Emilia-Romagna;Piacenza;Emilia-Romagna;H2;PC
Villanova sull'Arda;Cortemaggiore;Piacenza;Emilia-Romagna;Piacenza;Emilia-Romagna;H2;PC
Villanova sull'Arda;Monticelli d'Ongina;Piacenza;Emilia-Romagna;Piacenza;Emilia-Romagna;H2;PC
Villanova sull'Arda;San Pietro in Cerro;Piacenza;Emilia-Romagna;Piacenza;Emilia-Romagna;H2;PC
Villanova sull'Arda;Busseto;Piacenza;Emilia-Romagna;Parma;Emilia-Romagna;H2;PC
Villanova sull'Arda;Polesine Zibello;Piacenza;Emilia-Romagna;Parma;Emilia-Romagna;H2;PC
Zerba;Cabella Ligure;Piacenza;Emilia-Romagna;Alessandria;Piemonte;G1;PC
Zerba;Fabbrica Curone;Piacenza;Emilia-Romagna;Alessandria;Piemonte;G1;PC
Zerba;Brallo di Pregola;Piacenza;Emilia-Romagna;Pavia;Lombardia;G1;PC
Zerba;Santa Margherita di Staffora;Piacenza;Emilia-Romagna;Pavia;Lombardia;G1;PC
Zerba;Cerignale;Piacenza;Emilia-Romagna;Piacenza;Emilia-Romagna;G1;PC
Zerba;Ottone;Piacenza;Emilia-Romagna;Piacenza;Emilia-Romagna;G1;PC
Ziano Piacentino;Rovescala;Piacenza;Emilia-Romagna;Pavia;Lombardia;H1;PC
Ziano Piacentino;Santa Maria della Versa;Piacenza;Emilia-Romagna;Pavia;Lombardia;H1;PC
Ziano Piacentino;Alta Val Tidone;Piacenza;Emilia-Romagna;Piacenza;Emilia-Romagna;H1;PC
Ziano Piacentino;Borgonovo Val Tidone;Piacenza;Emilia-Romagna;Piacenza;Emilia-Romagna;H1;PC
Ziano Piacentino;Castel San Giovanni;Piacenza;Emilia-Romagna;Piacenza;Emilia-Romagna;H1;PC
Albareto;Sesta Godano;Parma;Emilia-Romagna;La Spezia;Liguria;G1;PR
Albareto;Varese Ligure;Parma;Emilia-Romagna;La Spezia;Liguria;G1;PR
Albareto;Borgo Val di Taro;Parma;Emilia-Romagna;Parma;Emilia-Romagna;G1;PR
Albareto;Compiano;Parma;Emilia-Romagna;Parma;Emilia-Romagna;G1;PR
Albareto;Tornolo;Parma;Emilia-Romagna;Parma;Emilia-Romagna;G1;PR
Albareto;Pontremoli;Parma;Emilia-Romagna;Massa-Carrara;Toscana;G1;PR
Albareto;Zeri;Parma;Emilia-Romagna;Massa-Carrara;Toscana;G1;PR
Bardi;Farini;Parma;Emilia-Romagna;Piacenza;Emilia-Romagna;G2;PR
Bardi;Ferriere;Parma;Emilia-Romagna;Piacenza;Emilia-Romagna;G2;PR
Bardi;Morfasso;Parma;Emilia-Romagna;Piacenza;Emilia-Romagna;G2;PR
Bardi;Bedonia;Parma;Emilia-Romagna;Parma;Emilia-Romagna;G2;PR
Bardi;Bore;Parma;Emilia-Romagna;Parma;Emilia-Romagna;G2;PR
Bardi;Borgo Val di Taro;Parma;Emilia-Romagna;Parma;Emilia-Romagna;G2;PR
Bardi;Compiano;Parma;Emilia-Romagna;Parma;Emilia-Romagna;G2;PR
Bardi;Valmozzola;Parma;Emilia-Romagna;Parma;Emilia-Romagna;G2;PR
Bardi;Varsi;Parma;Emilia-Romagna;Parma;Emilia-Romagna;G2;PR
Bedonia;Santo Stefano d'Aveto;Parma;Emilia-Romagna;Genova;Liguria;G1;PR
Bedonia;Ferriere;Parma;Emilia-Romagna;Piacenza;Emilia-Romagna;G1;PR
Bedonia;Bardi;Parma;Emilia-Romagna;Parma;Emilia-Romagna;G1;PR
Bedonia;Compiano;Parma;Emilia-Romagna;Parma;Emilia-Romagna;G1;PR
Bedonia;Tornolo;Parma;Emilia-Romagna;Parma;Emilia-Romagna;G1;PR
Berceto;Borgo Val di Taro;Parma;Emilia-Romagna;Parma;Emilia-Romagna;G1;PR
Berceto;Calestano;Parma;Emilia-Romagna;Parma;Emilia-Romagna;G1;PR
Berceto;Corniglio;Parma;Emilia-Romagna;Parma;Emilia-Romagna;G1;PR
Berceto;Solignano;Parma;Emilia-Romagna;Parma;Emilia-Romagna;G1;PR
Berceto;Terenzo;Parma;Emilia-Romagna;Parma;Emilia-Romagna;G1;PR
Berceto;Valmozzola;Parma;Emilia-Romagna;Parma;Emilia-Romagna;G1;PR
Berceto;Pontremoli;Parma;Emilia-Romagna;Massa-Carrara;Toscana;G1;PR
Bore;Morfasso;Parma;Emilia-Romagna;Piacenza;Emilia-Romagna;G2;PR
Bore;Vernasca;Parma;Emilia-Romagna;Piacenza;Emilia-Romagna;G2;PR
Bore;Bardi;Parma;Emilia-Romagna;Parma;Emilia-Romagna;G2;PR
Bore;Pellegrino Parmense;Parma;Emilia-Romagna;Parma;Emilia-Romagna;G2;PR
Bore;Varano de' Melegari;Parma;Emilia-Romagna;Parma;Emilia-Romagna;G2;PR
Bore;Varsi;Parma;Emilia-Romagna;Parma;Emilia-Romagna;G2;PR
Borgo Val di Taro;Albareto;Parma;Emilia-Romagna;Parma;Emilia-Romagna;G1;PR
Borgo Val di Taro;Bardi;Parma;Emilia-Romagna;Parma;Emilia-Romagna;G1;PR
Borgo Val di Taro;Berceto;Parma;Emilia-Romagna;Parma;Emilia-Romagna;G1;PR
Borgo Val di Taro;Compiano;Parma;Emilia-Romagna;Parma;Emilia-Romagna;G1;PR
Borgo Val di Taro;Valmozzola;Parma;Emilia-Romagna;Parma;Emilia-Romagna;G1;PR
Borgo Val di Taro;Pontremoli;Parma;Emilia-Romagna;Massa-Carrara;Toscana;G1;PR
Busseto;Alseno;Parma;Emilia-Romagna;Piacenza;Emilia-Romagna;H2;PR
Busseto;Besenzone;Parma;Emilia-Romagna;Piacenza;Emilia-Romagna;H2;PR
Busseto;Villanova sull'Arda;Parma;Emilia-Romagna;Piacenza;Emilia-Romagna;H2;PR
Busseto;Fidenza;Parma;Emilia-Romagna;Parma;Emilia-Romagna;H2;PR
Busseto;Polesine Zibello;Parma;Emilia-Romagna;Parma;Emilia-Romagna;H2;PR
Busseto;Soragna;Parma;Emilia-Romagna;Parma;Emilia-Romagna;H2;PR
Calestano;Berceto;Parma;Emilia-Romagna;Parma;Emilia-Romagna;G2;PR
Calestano;Corniglio;Parma;Emilia-Romagna;Parma;Emilia-Romagna;G2;PR
Calestano;Felino;Parma;Emilia-Romagna;Parma;Emilia-Romagna;G2;PR
Calestano;Langhirano;Parma;Emilia-Romagna;Parma;Emilia-Romagna;G2;PR
Calestano;Sala Baganza;Parma;Emilia-Romagna;Parma;Emilia-Romagna;G2;PR
Calestano;Terenzo;Parma;Emilia-Romagna;Parma;Emilia-Romagna;G2;PR
Collecchio;Fornovo di Taro;Parma;Emilia-Romagna;Parma;Emilia-Romagna;H1;PR
Collecchio;Medesano;Parma;Emilia-Romagna;Parma;Emilia-Romagna;H1;PR
Collecchio;Noceto;Parma;Emilia-Romagna;Parma;Emilia-Romagna;H1;PR
Collecchio;Parma;Parma;Emilia-Romagna;Parma;Emilia-Romagna;H1;PR
Collecchio;Sala Baganza;Parma;Emilia-Romagna;Parma;Emilia-Romagna;H1;PR
Colorno;Casalmaggiore;Parma;Emilia-Romagna;Cremona;Lombardia;H2;PR
Colorno;Gussola;Parma;Emilia-Romagna;Cremona;Lombardia;H2;PR
Colorno;Martignana di Po;Parma;Emilia-Romagna;Cremona;Lombardia;H2;PR
Colorno;Sissa Trecasali;Parma;Emilia-Romagna;Parma;Emilia-Romagna;H2;PR
Colorno;Sorbolo Mezzani;Parma;Emilia-Romagna;Parma;Emilia-Romagna;H2;PR
Colorno;Torrile;Parma;Emilia-Romagna;Parma;Emilia-Romagna;H2;PR
Compiano;Albareto;Parma;Emilia-Romagna;Parma;Emilia-Romagna;G1;PR
Compiano;Bardi;Parma;Emilia-Romagna;Parma;Emilia-Romagna;G1;PR
Compiano;Bedonia;Parma;Emilia-Romagna;Parma;Emilia-Romagna;G1;PR
Compiano;Borgo Val di Taro;Parma;Emilia-Romagna;Parma;Emilia-Romagna;G1;PR
Compiano;Tornolo;Parma;Emilia-Romagna;Parma;Emilia-Romagna;G1;PR
Corniglio;Berceto;Parma;Emilia-Romagna;Parma;Emilia-Romagna;G1;PR
Corniglio;Calestano;Parma;Emilia-Romagna;Parma;Emilia-Romagna;G1;PR
Corniglio;Langhirano;Parma;Emilia-Romagna;Parma;Emilia-Romagna;G1;PR
Corniglio;Monchio delle Corti;Parma;Emilia-Romagna;Parma;Emilia-Romagna;G1;PR
Corniglio;Palanzano;Parma;Emilia-Romagna;Parma;Emilia-Romagna;G1;PR
Corniglio;Tizzano Val Parma;Parma;Emilia-Romagna;Parma;Emilia-Romagna;G1;PR
Corniglio;Bagnone;Parma;Emilia-Romagna;Massa-Carrara;Toscana;G1;PR
Corniglio;Filattiera;Parma;Emilia-Romagna;Massa-Carrara;Toscana;G1;PR
Corniglio;Pontremoli;Parma;Emilia-Romagna;Massa-Carrara;Toscana;G1;PR
Felino;Calestano;Parma;Emilia-Romagna;Parma;Emilia-Romagna;G2;PR
Felino;Langhirano;Parma;Emilia-Romagna;Parma;Emilia-Romagna;G2;PR
Felino;Parma;Parma;Emilia-Romagna;Parma;Emilia-Romagna;G2;PR
Felino;Sala Baganza;Parma;Emilia-Romagna;Parma;Emilia-Romagna;G2;PR
Fidenza;Alseno;Parma;Emilia-Romagna;Piacenza;Emilia-Romagna;H1;PR
Fidenza;Busseto;Parma;Emilia-Romagna;Parma;Emilia-Romagna;H1;PR
Fidenza;Fontanellato;Parma;Emilia-Romagna;Parma;Emilia-Romagna;H1;PR
Fidenza;Medesano;Parma;Emilia-Romagna;Parma;Emilia-Romagna;H1;PR
Fidenza;Noceto;Parma;Emilia-Romagna;Parma;Emilia-Romagna;H1;PR
Fidenza;Salsomaggiore Terme;Parma;Emilia-Romagna;Parma;Emilia-Romagna;H1;PR
Fidenza;Soragna;Parma;Emilia-Romagna;Parma;Emilia-Romagna;H1;PR
Fontanellato;Fidenza;Parma;Emilia-Romagna;Parma;Emilia-Romagna;H2;PR
Fontanellato;Fontevivo;Parma;Emilia-Romagna;Parma;Emilia-Romagna;H2;PR
Fontanellato;Noceto;Parma;Emilia-Romagna;Parma;Emilia-Romagna;H2;PR
Fontanellato;Parma;Parma;Emilia-Romagna;Parma;Emilia-Romagna;H2;PR
Fontanellato;San Secondo Parmense;Parma;Emilia-Romagna;Parma;Emilia-Romagna;H2;PR
Fontanellato;Sissa Trecasali;Parma;Emilia-Romagna;Parma;Emilia-Romagna;H2;PR
Fontanellato;Soragna;Parma;Emilia-Romagna;Parma;Emilia-Romagna;H2;PR
Fontevivo;Fontanellato;Parma;Emilia-Romagna;Parma;Emilia-Romagna;H2;PR
Fontevivo;Noceto;Parma;Emilia-Romagna;Parma;Emilia-Romagna;H2;PR
Fontevivo;Parma;Parma;Emilia-Romagna;Parma;Emilia-Romagna;H2;PR
Fornovo di Taro;Collecchio;Parma;Emilia-Romagna;Parma;Emilia-Romagna;G2;PR
Fornovo di Taro;Medesano;Parma;Emilia-Romagna;Parma;Emilia-Romagna;G2;PR
Fornovo di Taro;Sala Baganza;Parma;Emilia-Romagna;Parma;Emilia-Romagna;G2;PR
Fornovo di Taro;Solignano;Parma;Emilia-Romagna;Parma;Emilia-Romagna;G2;PR
Fornovo di Taro;Terenzo;Parma;Emilia-Romagna;Parma;Emilia-Romagna;G2;PR
Fornovo di Taro;Varano de' Melegari;Parma;Emilia-Romagna;Parma;Emilia-Romagna;G2;PR
Langhirano;Calestano;Parma;Emilia-Romagna;Parma;Emilia-Romagna;G2;PR
Langhirano;Corniglio;Parma;Emilia-Romagna;Parma;Emilia-Romagna;G2;PR
Langhirano;Felino;Parma;Emilia-Romagna;Parma;Emilia-Romagna;G2;PR
Langhirano;Lesignano de' Bagni;Parma;Emilia-Romagna;Parma;Emilia-Romagna;G2;PR
Langhirano;Neviano degli Arduini;Parma;Emilia-Romagna;Parma;Emilia-Romagna;G2;PR
Langhirano;Parma;Parma;Emilia-Romagna;Parma;Emilia-Romagna;G2;PR
Langhirano;Tizzano Val Parma;Parma;Emilia-Romagna;Parma;Emilia-Romagna;G2;PR
Lesignano de' Bagni;Langhirano;Parma;Emilia-Romagna;Parma;Emilia-Romagna;G2;PR
Lesignano de' Bagni;Neviano degli Arduini;Parma;Emilia-Romagna;Parma;Emilia-Romagna;G2;PR
Lesignano de' Bagni;Parma;Parma;Emilia-Romagna;Parma;Emilia-Romagna;G2;PR
Lesignano de' Bagni;Traversetolo;Parma;Emilia-Romagna;Parma;Emilia-Romagna;G2;PR
Medesano;Collecchio;Parma;Emilia-Romagna;Parma;Emilia-Romagna;H1;PR
Medesano;Fidenza;Parma;Emilia-Romagna;Parma;Emilia-Romagna;H1;PR
Medesano;Fornovo di Taro;Parma;Emilia-Romagna;Parma;Emilia-Romagna;H1;PR
Medesano;Noceto;Parma;Emilia-Romagna;Parma;Emilia-Romagna;H1;PR
Medesano;Pellegrino Parmense;Parma;Emilia-Romagna;Parma;Emilia-Romagna;H1;PR
Medesano;Salsomaggiore Terme;Parma;Emilia-Romagna;Parma;Emilia-Romagna;H1;PR
Medesano;Varano de' Melegari;Parma;Emilia-Romagna;Parma;Emilia-Romagna;H1;PR
Monchio delle Corti;Corniglio;Parma;Emilia-Romagna;Parma;Emilia-Romagna;E1;PR
Monchio delle Corti;Palanzano;Parma;Emilia-Romagna;Parma;Emilia-Romagna;E1;PR
Monchio delle Corti;Ventasso;Parma;Emilia-Romagna;Reggio Emilia;Emilia-Romagna;E1;PR
Monchio delle Corti;Bagnone;Parma;Emilia-Romagna;Massa-Carrara;Toscana;E1;PR
Monchio delle Corti;Comano;Parma;Emilia-Romagna;Massa-Carrara;Toscana;E1;PR
Monchio delle Corti;Licciana Nardi;Parma;Emilia-Romagna;Massa-Carrara;Toscana;E1;PR
Montechiarugolo;Parma;Parma;Emilia-Romagna;Parma;Emilia-Romagna;F2;RE
Montechiarugolo;Traversetolo;Parma;Emilia-Romagna;Parma;Emilia-Romagna;F2;RE
Montechiarugolo;Montecchio Emilia;Parma;Emilia-Romagna;Reggio Emilia;Emilia-Romagna;F2;RE
Montechiarugolo;San Polo d'Enza;Parma;Emilia-Romagna;Reggio Emilia;Emilia-Romagna;F2;RE
Montechiarugolo;Sant'Ilario d'Enza;Parma;Emilia-Romagna;Reggio Emilia;Emilia-Romagna;F2;RE
Neviano degli Arduini;Langhirano;Parma;Emilia-Romagna;Parma;Emilia-Romagna;E2;PR
Neviano degli Arduini;Lesignano de' Bagni;Parma;Emilia-Romagna;Parma;Emilia-Romagna;E2;PR
Neviano degli Arduini;Palanzano;Parma;Emilia-Romagna;Parma;Emilia-Romagna;E2;PR
Neviano degli Arduini;Tizzano Val Parma;Parma;Emilia-Romagna;Parma;Emilia-Romagna;E2;PR
Neviano degli Arduini;Traversetolo;Parma;Emilia-Romagna;Parma;Emilia-Romagna;E2;PR
Neviano degli Arduini;Canossa;Parma;Emilia-Romagna;Reggio Emilia;Emilia-Romagna;E2;PR
Neviano degli Arduini;Vetto;Parma;Emilia-Romagna;Reggio Emilia;Emilia-Romagna;E2;PR
Noceto;Collecchio;Parma;Emilia-Romagna;Parma;Emilia-Romagna;H1;PR
Noceto;Fidenza;Parma;Emilia-Romagna;Parma;Emilia-Romagna;H1;PR
Noceto;Fontanellato;Parma;Emilia-Romagna;Parma;Emilia-Romagna;H1;PR
Noceto;Fontevivo;Parma;Emilia-Romagna;Parma;Emilia-Romagna;H1;PR
Noceto;Medesano;Parma;Emilia-Romagna;Parma;Emilia-Romagna;H1;PR
Noceto;Parma;Parma;Emilia-Romagna;Parma;Emilia-Romagna;H1;PR
Palanzano;Corniglio;Parma;Emilia-Romagna;Parma;Emilia-Romagna;E1;PR
Palanzano;Monchio delle Corti;Parma;Emilia-Romagna;Parma;Emilia-Romagna;E1;PR
Palanzano;Neviano degli Arduini;Parma;Emilia-Romagna;Parma;Emilia-Romagna;E1;PR
Palanzano;Tizzano Val Parma;Parma;Emilia-Romagna;Parma;Emilia-Romagna;E1;PR
Palanzano;Ventasso;Parma;Emilia-Romagna;Reggio Emilia;Emilia-Romagna;E1;PR
Palanzano;Vetto;Parma;Emilia-Romagna;Reggio Emilia;Emilia-Romagna;E1;PR
Parma;Collecchio;Parma;Emilia-Romagna;Parma;Emilia-Romagna;H2;PR
Parma;Felino;Parma;Emilia-Romagna;Parma;Emilia-Romagna;H2;PR
Parma;Fontanellato;Parma;Emilia-Romagna;Parma;Emilia-Romagna;H2;PR
Parma;Fontevivo;Parma;Emilia-Romagna;Parma;Emilia-Romagna;H2;PR
Parma;Langhirano;Parma;Emilia-Romagna;Parma;Emilia-Romagna;H2;PR
Parma;Lesignano de' Bagni;Parma;Emilia-Romagna;Parma;Emilia-Romagna;H2;PR
Parma;Montechiarugolo;Parma;Emilia-Romagna;Parma;Emilia-Romagna;H2;PR
Parma;Noceto;Parma;Emilia-Romagna;Parma;Emilia-Romagna;H2;PR
Parma;Sala Baganza;Parma;Emilia-Romagna;Parma;Emilia-Romagna;H2;PR
Parma;Sissa Trecasali;Parma;Emilia-Romagna;Parma;Emilia-Romagna;H2;PR
Parma;Sorbolo Mezzani;Parma;Emilia-Romagna;Parma;Emilia-Romagna;H2;PR
Parma;Torrile;Parma;Emilia-Romagna;Parma;Emilia-Romagna;H2;PR
Parma;Traversetolo;Parma;Emilia-Romagna;Parma;Emilia-Romagna;H2;PR
Parma;Gattatico;Parma;Emilia-Romagna;Reggio Emilia;Emilia-Romagna;H2;PR
Parma;Sant'Ilario d'Enza;Parma;Emilia-Romagna;Reggio Emilia;Emilia-Romagna;H2;PR
Pellegrino Parmense;Vernasca;Parma;Emilia-Romagna;Piacenza;Emilia-Romagna;H1;PR
Pellegrino Parmense;Bore;Parma;Emilia-Romagna;Parma;Emilia-Romagna;H1;PR
Pellegrino Parmense;Medesano;Parma;Emilia-Romagna;Parma;Emilia-Romagna;H1;PR
Pellegrino Parmense;Salsomaggiore Terme;Parma;Emilia-Romagna;Parma;Emilia-Romagna;H1;PR
Pellegrino Parmense;Varano de' Melegari;Parma;Emilia-Romagna;Parma;Emilia-Romagna;H1;PR
Polesine Zibello;Pieve d'Olmi;Parma;Emilia-Romagna;Cremona;Lombardia;H2;PR
Polesine Zibello;San Daniele Po;Parma;Emilia-Romagna;Cremona;Lombardia;H2;PR
Polesine Zibello;Stagno Lombardo;Parma;Emilia-Romagna;Cremona;Lombardia;H2;PR
Polesine Zibello;Villanova sull'Arda;Parma;Emilia-Romagna;Piacenza;Emilia-Romagna;H2;PR
Polesine Zibello;Busseto;Parma;Emilia-Romagna;Parma;Emilia-Romagna;H2;PR
Polesine Zibello;Roccabianca;Parma;Emilia-Romagna;Parma;Emilia-Romagna;H2;PR
Polesine Zibello;Soragna;Parma;Emilia-Romagna;Parma;Emilia-Romagna;H2;PR
Roccabianca;Motta Baluffi;Parma;Emilia-Romagna;Cremona;Lombardia;H2;PR
Roccabianca;San Daniele Po;Parma;Emilia-Romagna;Cremona;Lombardia;H2;PR
Roccabianca;Torricella del Pizzo;Parma;Emilia-Romagna;Cremona;Lombardia;H2;PR
Roccabianca;Polesine Zibello;Parma;Emilia-Romagna;Parma;Emilia-Romagna;H2;PR
Roccabianca;San Secondo Parmense;Parma;Emilia-Romagna;Parma;Emilia-Romagna;H2;PR
Roccabianca;Sissa Trecasali;Parma;Emilia-Romagna;Parma;Emilia-Romagna;H2;PR
Roccabianca;Soragna;Parma;Emilia-Romagna;Parma;Emilia-Romagna;H2;PR
Sala Baganza;Calestano;Parma;Emilia-Romagna;Parma;Emilia-Romagna;G2;PR
Sala Baganza;Collecchio;Parma;Emilia-Romagna;Parma;Emilia-Romagna;G2;PR
Sala Baganza;Felino;Parma;Emilia-Romagna;Parma;Emilia-Romagna;G2;PR
Sala Baganza;Fornovo di Taro;Parma;Emilia-Romagna;Parma;Emilia-Romagna;G2;PR
Sala Baganza;Parma;Parma;Emilia-Romagna;Parma;Emilia-Romagna;G2;PR
Sala Baganza;Terenzo;Parma;Emilia-Romagna;Parma;Emilia-Romagna;G2;PR
Salsomaggiore Terme;Alseno;Parma;Emilia-Romagna;Piacenza;Emilia-Romagna;H1;PR
Salsomaggiore Terme;Vernasca;Parma;Emilia-Romagna;Piacenza;Emilia-Romagna;H1;PR
Salsomaggiore Terme;Fidenza;Parma;Emilia-Romagna;Parma;Emilia-Romagna;H1;PR
Salsomaggiore Terme;Medesano;Parma;Emilia-Romagna;Parma;Emilia-Romagna;H1;PR
Salsomaggiore Terme;Pellegrino Parmense;Parma;Emilia-Romagna;Parma;Emilia-Romagna;H1;PR
San Secondo Parmense;Fontanellato;Parma;Emilia-Romagna;Parma;Emilia-Romagna;H2;PR
San Secondo Parmense;Roccabianca;Parma;Emilia-Romagna;Parma;Emilia-Romagna;H2;PR
San Secondo Parmense;Sissa Trecasali;Parma;Emilia-Romagna;Parma;Emilia-Romagna;H2;PR
San Secondo Parmense;Soragna;Parma;Emilia-Romagna;Parma;Emilia-Romagna;H2;PR
Sissa Trecasali;Gussola;Parma;Emilia-Romagna;Cremona;Lombardia;H2;PR
Sissa Trecasali;Martignana di Po;Parma;Emilia-Romagna;Cremona;Lombardia;H2;PR
Sissa Trecasali;Torricella del Pizzo;Parma;Emilia-Romagna;Cremona;Lombardia;H2;PR
Sissa Trecasali;Colorno;Parma;Emilia-Romagna;Parma;Emilia-Romagna;H2;PR
Sissa Trecasali;Fontanellato;Parma;Emilia-Romagna;Parma;Emilia-Romagna;H2;PR
Sissa Trecasali;Parma;Parma;Emilia-Romagna;Parma;Emilia-Romagna;H2;PR
Sissa Trecasali;Roccabianca;Parma;Emilia-Romagna;Parma;Emilia-Romagna;H2;PR
Sissa Trecasali;San Secondo Parmense;Parma;Emilia-Romagna;Parma;Emilia-Romagna;H2;PR
Sissa Trecasali;Torrile;Parma;Emilia-Romagna;Parma;Emilia-Romagna;H2;PR
Solignano;Berceto;Parma;Emilia-Romagna;Parma;Emilia-Romagna;G2;PR
Solignano;Fornovo di Taro;Parma;Emilia-Romagna;Parma;Emilia-Romagna;G2;PR
Solignano;Terenzo;Parma;Emilia-Romagna;Parma;Emilia-Romagna;G2;PR
Solignano;Valmozzola;Parma;Emilia-Romagna;Parma;Emilia-Romagna;G2;PR
Solignano;Varano de' Melegari;Parma;Emilia-Romagna;Parma;Emilia-Romagna;G2;PR
Solignano;Varsi;Parma;Emilia-Romagna;Parma;Emilia-Romagna;G2;PR
Soragna;Busseto;Parma;Emilia-Romagna;Parma;Emilia-Romagna;H2;PR
Soragna;Fidenza;Parma;Emilia-Romagna;Parma;Emilia-Romagna;H2;PR
Soragna;Fontanellato;Parma;Emilia-Romagna;Parma;Emilia-Romagna;H2;PR
Soragna;Polesine Zibello;Parma;Emilia-Romagna;Parma;Emilia-Romagna;H2;PR
Soragna;Roccabianca;Parma;Emilia-Romagna;Parma;Emilia-Romagna;H2;PR
Soragna;San Secondo Parmense;Parma;Emilia-Romagna;Parma;Emilia-Romagna;H2;PR
Sorbolo Mezzani;Casalmaggiore;Parma;Emilia-Romagna;Cremona;Lombardia;F3;PR
Sorbolo Mezzani;Viadana;Parma;Emilia-Romagna;Mantova;Lombardia;F3;PR
Sorbolo Mezzani;Colorno;Parma;Emilia-Romagna;Parma;Emilia-Romagna;F3;PR
Sorbolo Mezzani;Parma;Parma;Emilia-Romagna;Parma;Emilia-Romagna;F3;PR
Sorbolo Mezzani;Torrile;Parma;Emilia-Romagna;Parma;Emilia-Romagna;F3;PR
Sorbolo Mezzani;Brescello;Parma;Emilia-Romagna;Reggio Emilia;Emilia-Romagna;F3;PR
Sorbolo Mezzani;Gattatico;Parma;Emilia-Romagna;Reggio Emilia;Emilia-Romagna;F3;PR
Terenzo;Berceto;Parma;Emilia-Romagna;Parma;Emilia-Romagna;G2;PR
Terenzo;Calestano;Parma;Emilia-Romagna;Parma;Emilia-Romagna;G2;PR
Terenzo;Fornovo di Taro;Parma;Emilia-Romagna;Parma;Emilia-Romagna;G2;PR
Terenzo;Sala Baganza;Parma;Emilia-Romagna;Parma;Emilia-Romagna;G2;PR
Terenzo;Solignano;Parma;Emilia-Romagna;Parma;Emilia-Romagna;G2;PR
Tizzano Val Parma;Corniglio;Parma;Emilia-Romagna;Parma;Emilia-Romagna;G1;PR
Tizzano Val Parma;Langhirano;Parma;Emilia-Romagna;Parma;Emilia-Romagna;G1;PR
Tizzano Val Parma;Neviano degli Arduini;Parma;Emilia-Romagna;Parma;Emilia-Romagna;G1;PR
Tizzano Val Parma;Palanzano;Parma;Emilia-Romagna;Parma;Emilia-Romagna;G1;PR
Tornolo;Borzonasca;Parma;Emilia-Romagna;Genova;Liguria;G1;PR
Tornolo;Mezzanego;Parma;Emilia-Romagna;Genova;Liguria;G1;PR
Tornolo;Santo Stefano d'Aveto;Parma;Emilia-Romagna;Genova;Liguria;G1;PR
Tornolo;Varese Ligure;Parma;Emilia-Romagna;La Spezia;Liguria;G1;PR
Tornolo;Albareto;Parma;Emilia-Romagna;Parma;Emilia-Romagna;G1;PR
Tornolo;Bedonia;Parma;Emilia-Romagna;Parma;Emilia-Romagna;G1;PR
Tornolo;Compiano;Parma;Emilia-Romagna;Parma;Emilia-Romagna;G1;PR
Torrile;Colorno;Parma;Emilia-Romagna;Parma;Emilia-Romagna;H2;PR
Torrile;Parma;Parma;Emilia-Romagna;Parma;Emilia-Romagna;H2;PR
Torrile;Sissa Trecasali;Parma;Emilia-Romagna;Parma;Emilia-Romagna;H2;PR
Torrile;Sorbolo Mezzani;Parma;Emilia-Romagna;Parma;Emilia-Romagna;H2;PR
Traversetolo;Lesignano de' Bagni;Parma;Emilia-Romagna;Parma;Emilia-Romagna;E2;PR
Traversetolo;Montechiarugolo;Parma;Emilia-Romagna;Parma;Emilia-Romagna;E2;PR
Traversetolo;Neviano degli Arduini;Parma;Emilia-Romagna;Parma;Emilia-Romagna;E2;PR
Traversetolo;Parma;Parma;Emilia-Romagna;Parma;Emilia-Romagna;E2;PR
Traversetolo;Canossa;Parma;Emilia-Romagna;Reggio Emilia;Emilia-Romagna;E2;PR
Traversetolo;San Polo d'Enza;Parma;Emilia-Romagna;Reggio Emilia;Emilia-Romagna;E2;PR
Valmozzola;Bardi;Parma;Emilia-Romagna;Parma;Emilia-Romagna;G2;PR
Valmozzola;Berceto;Parma;Emilia-Romagna;Parma;Emilia-Romagna;G2;PR
Valmozzola;Borgo Val di Taro;Parma;Emilia-Romagna;Parma;Emilia-Romagna;G2;PR
Valmozzola;Solignano;Parma;Emilia-Romagna;Parma;Emilia-Romagna;G2;PR
Valmozzola;Varsi;Parma;Emilia-Romagna;Parma;Emilia-Romagna;G2;PR
Varano de' Melegari;Bore;Parma;Emilia-Romagna;Parma;Emilia-Romagna;G2;PR
Varano de' Melegari;Fornovo di Taro;Parma;Emilia-Romagna;Parma;Emilia-Romagna;G2;PR
Varano de' Melegari;Medesano;Parma;Emilia-Romagna;Parma;Emilia-Romagna;G2;PR
Varano de' Melegari;Pellegrino Parmense;Parma;Emilia-Romagna;Parma;Emilia-Romagna;G2;PR
Varano de' Melegari;Solignano;Parma;Emilia-Romagna;Parma;Emilia-Romagna;G2;PR
Varano de' Melegari;Varsi;Parma;Emilia-Romagna;Parma;Emilia-Romagna;G2;PR
Varsi;Bardi;Parma;Emilia-Romagna;Parma;Emilia-Romagna;G2;PR
Varsi;Bore;Parma;Emilia-Romagna;Parma;Emilia-Romagna;G2;PR
Varsi;Solignano;Parma;Emilia-Romagna;Parma;Emilia-Romagna;G2;PR
Varsi;Valmozzola;Parma;Emilia-Romagna;Parma;Emilia-Romagna;G2;PR
Varsi;Varano de' Melegari;Parma;Emilia-Romagna;Parma;Emilia-Romagna;G2;PR
Albinea;Quattro Castella;Reggio Emilia;Emilia-Romagna;Reggio Emilia;Emilia-Romagna;E2;RE
Albinea;Reggio nell'Emilia;Reggio Emilia;Emilia-Romagna;Reggio Emilia;Emilia-Romagna;E2;RE
Albinea;Scandiano;Reggio Emilia;Emilia-Romagna;Reggio Emilia;Emilia-Romagna;E2;RE
Albinea;Vezzano sul Crostolo;Reggio Emilia;Emilia-Romagna;Reggio Emilia;Emilia-Romagna;E2;RE
Albinea;Viano;Reggio Emilia;Emilia-Romagna;Reggio Emilia;Emilia-Romagna;E2;RE
Bagnolo in Piano;Cadelbosco di Sopra;Reggio Emilia;Emilia-Romagna;Reggio Emilia;Emilia-Romagna;F2;RE
Bagnolo in Piano;Correggio;Reggio Emilia;Emilia-Romagna;Reggio Emilia;Emilia-Romagna;F2;RE
Bagnolo in Piano;Novellara;Reggio Emilia;Emilia-Romagna;Reggio Emilia;Emilia-Romagna;F2;RE
Bagnolo in Piano;Reggio nell'Emilia;Reggio Emilia;Emilia-Romagna;Reggio Emilia;Emilia-Romagna;F2;RE
Baiso;Carpineti;Reggio Emilia;Emilia-Romagna;Reggio Emilia;Emilia-Romagna;E2;RE
Baiso;Castellarano;Reggio Emilia;Emilia-Romagna;Reggio Emilia;Emilia-Romagna;E2;RE
Baiso;Toano;Reggio Emilia;Emilia-Romagna;Reggio Emilia;Emilia-Romagna;E2;RE
Baiso;Viano;Reggio Emilia;Emilia-Romagna;Reggio Emilia;Emilia-Romagna;E2;RE
Baiso;Prignano sulla Secchia;Reggio Emilia;Emilia-Romagna;Modena;Emilia-Romagna;E2;RE
Bibbiano;Cavriago;Reggio Emilia;Emilia-Romagna;Reggio Emilia;Emilia-Romagna;F2;RE
Bibbiano;Montecchio Emilia;Reggio Emilia;Emilia-Romagna;Reggio Emilia;Emilia-Romagna;F2;RE
Bibbiano;Quattro Castella;Reggio Emilia;Emilia-Romagna;Reggio Emilia;Emilia-Romagna;F2;RE
Bibbiano;Reggio nell'Emilia;Reggio Emilia;Emilia-Romagna;Reggio Emilia;Emilia-Romagna;F2;RE
Bibbiano;San Polo d'Enza;Reggio Emilia;Emilia-Romagna;Reggio Emilia;Emilia-Romagna;F2;RE
Boretto;Pomponesco;Reggio Emilia;Emilia-Romagna;Mantova;Lombardia;F3;RE
Boretto;Viadana;Reggio Emilia;Emilia-Romagna;Mantova;Lombardia;F3;RE
Boretto;Brescello;Reggio Emilia;Emilia-Romagna;Reggio Emilia;Emilia-Romagna;F3;RE
Boretto;Castelnovo di Sotto;Reggio Emilia;Emilia-Romagna;Reggio Emilia;Emilia-Romagna;F3;RE
Boretto;Gualtieri;Reggio Emilia;Emilia-Romagna;Reggio Emilia;Emilia-Romagna;F3;RE
Boretto;Poviglio;Reggio Emilia;Emilia-Romagna;Reggio Emilia;Emilia-Romagna;F3;RE
Brescello;Viadana;Reggio Emilia;Emilia-Romagna;Mantova;Lombardia;F3;RE
Brescello;Sorbolo Mezzani;Reggio Emilia;Emilia-Romagna;Parma;Emilia-Romagna;F3;RE
Brescello;Boretto;Reggio Emilia;Emilia-Romagna;Reggio Emilia;Emilia-Romagna;F3;RE
Brescello;Gattatico;Reggio Emilia;Emilia-Romagna;Reggio Emilia;Emilia-Romagna;F3;RE
Brescello;Poviglio;Reggio Emilia;Emilia-Romagna;Reggio Emilia;Emilia-Romagna;F3;RE
Cadelbosco di Sopra;Bagnolo in Piano;Reggio Emilia;Emilia-Romagna;Reggio Emilia;Emilia-Romagna;F2;RE
Cadelbosco di Sopra;Campegine;Reggio Emilia;Emilia-Romagna;Reggio Emilia;Emilia-Romagna;F2;RE
Cadelbosco di Sopra;Castelnovo di Sotto;Reggio Emilia;Emilia-Romagna;Reggio Emilia;Emilia-Romagna;F2;RE
Cadelbosco di Sopra;Gualtieri;Reggio Emilia;Emilia-Romagna;Reggio Emilia;Emilia-Romagna;F2;RE
Cadelbosco di Sopra;Guastalla;Reggio Emilia;Emilia-Romagna;Reggio Emilia;Emilia-Romagna;F2;RE
Cadelbosco di Sopra;Novellara;Reggio Emilia;Emilia-Romagna;Reggio Emilia;Emilia-Romagna;F2;RE
Cadelbosco di Sopra;Reggio nell'Emilia;Reggio Emilia;Emilia-Romagna;Reggio Emilia;Emilia-Romagna;F2;RE
Campagnola Emilia;Correggio;Reggio Emilia;Emilia-Romagna;Reggio Emilia;Emilia-Romagna;F2;RE
Campagnola Emilia;Fabbrico;Reggio Emilia;Emilia-Romagna;Reggio Emilia;Emilia-Romagna;F2;RE
Campagnola Emilia;Novellara;Reggio Emilia;Emilia-Romagna;Reggio Emilia;Emilia-Romagna;F2;RE
Campagnola Emilia;Reggiolo;Reggio Emilia;Emilia-Romagna;Reggio Emilia;Emilia-Romagna;F2;RE
Campagnola Emilia;Rio Saliceto;Reggio Emilia;Emilia-Romagna;Reggio Emilia;Emilia-Romagna;F2;RE
Campegine;Cadelbosco di Sopra;Reggio Emilia;Emilia-Romagna;Reggio Emilia;Emilia-Romagna;F2;RE
Campegine;Castelnovo di Sotto;Reggio Emilia;Emilia-Romagna;Reggio Emilia;Emilia-Romagna;F2;RE
Campegine;Gattatico;Reggio Emilia;Emilia-Romagna;Reggio Emilia;Emilia-Romagna;F2;RE
Campegine;Reggio nell'Emilia;Reggio Emilia;Emilia-Romagna;Reggio Emilia;Emilia-Romagna;F2;RE
Campegine;Sant'Ilario d'Enza;Reggio Emilia;Emilia-Romagna;Reggio Emilia;Emilia-Romagna;F2;RE
Canossa;Neviano degli Arduini;Reggio Emilia;Emilia-Romagna;Parma;Emilia-Romagna;E2;RE
Canossa;Traversetolo;Reggio Emilia;Emilia-Romagna;Parma;Emilia-Romagna;E2;RE
Canossa;Casina;Reggio Emilia;Emilia-Romagna;Reggio Emilia;Emilia-Romagna;E2;RE
Canossa;Castelnovo ne' Monti;Reggio Emilia;Emilia-Romagna;Reggio Emilia;Emilia-Romagna;E2;RE
Canossa;San Polo d'Enza;Reggio Emilia;Emilia-Romagna;Reggio Emilia;Emilia-Romagna;E2;RE
Canossa;Vetto;Reggio Emilia;Emilia-Romagna;Reggio Emilia;Emilia-Romagna;E2;RE
Canossa;Vezzano sul Crostolo;Reggio Emilia;Emilia-Romagna;Reggio Emilia;Emilia-Romagna;E2;RE
Carpineti;Baiso;Reggio Emilia;Emilia-Romagna;Reggio Emilia;Emilia-Romagna;E2;RE
Carpineti;Casina;Reggio Emilia;Emilia-Romagna;Reggio Emilia;Emilia-Romagna;E2;RE
Carpineti;Castelnovo ne' Monti;Reggio Emilia;Emilia-Romagna;Reggio Emilia;Emilia-Romagna;E2;RE
Carpineti;Toano;Reggio Emilia;Emilia-Romagna;Reggio Emilia;Emilia-Romagna;E2;RE
Carpineti;Viano;Reggio Emilia;Emilia-Romagna;Reggio Emilia;Emilia-Romagna;E2;RE
Carpineti;Villa Minozzo;Reggio Emilia;Emilia-Romagna;Reggio Emilia;Emilia-Romagna;E2;RE
Casalgrande;Castellarano;Reggio Emilia;Emilia-Romagna;Reggio Emilia;Emilia-Romagna;E2;RE
Casalgrande;Reggio nell'Emilia;Reggio Emilia;Emilia-Romagna;Reggio Emilia;Emilia-Romagna;E2;RE
Casalgrande;Rubiera;Reggio Emilia;Emilia-Romagna;Reggio Emilia;Emilia-Romagna;E2;RE
Casalgrande;Scandiano;Reggio Emilia;Emilia-Romagna;Reggio Emilia;Emilia-Romagna;E2;RE
Casalgrande;Formigine;Reggio Emilia;Emilia-Romagna;Modena;Emilia-Romagna;E2;RE
Casalgrande;Modena;Reggio Emilia;Emilia-Romagna;Modena;Emilia-Romagna;E2;RE
Casalgrande;Sassuolo;Reggio Emilia;Emilia-Romagna;Modena;Emilia-Romagna;E2;RE
Casina;Canossa;Reggio Emilia;Emilia-Romagna;Reggio Emilia;Emilia-Romagna;E2;RE
Casina;Carpineti;Reggio Emilia;Emilia-Romagna;Reggio Emilia;Emilia-Romagna;E2;RE
Casina;Castelnovo ne' Monti;Reggio Emilia;Emilia-Romagna;Reggio Emilia;Emilia-Romagna;E2;RE
Casina;Vezzano sul Crostolo;Reggio Emilia;Emilia-Romagna;Reggio Emilia;Emilia-Romagna;E2;RE
Casina;Viano;Reggio Emilia;Emilia-Romagna;Reggio Emilia;Emilia-Romagna;E2;RE
Castellarano;Baiso;Reggio Emilia;Emilia-Romagna;Reggio Emilia;Emilia-Romagna;E2;RE
Castellarano;Casalgrande;Reggio Emilia;Emilia-Romagna;Reggio Emilia;Emilia-Romagna;E2;RE
Castellarano;Scandiano;Reggio Emilia;Emilia-Romagna;Reggio Emilia;Emilia-Romagna;E2;RE
Castellarano;Viano;Reggio Emilia;Emilia-Romagna;Reggio Emilia;Emilia-Romagna;E2;RE
Castellarano;Prignano sulla Secchia;Reggio Emilia;Emilia-Romagna;Modena;Emilia-Romagna;E2;RE
Castellarano;Sassuolo;Reggio Emilia;Emilia-Romagna;Modena;Emilia-Romagna;E2;RE
Castelnovo di Sotto;Boretto;Reggio Emilia;Emilia-Romagna;Reggio Emilia;Emilia-Romagna;F2;RE
Castelnovo di Sotto;Cadelbosco di Sopra;Reggio Emilia;Emilia-Romagna;Reggio Emilia;Emilia-Romagna;F2;RE
Castelnovo di Sotto;Campegine;Reggio Emilia;Emilia-Romagna;Reggio Emilia;Emilia-Romagna;F2;RE
Castelnovo di Sotto;Gattatico;Reggio Emilia;Emilia-Romagna;Reggio Emilia;Emilia-Romagna;F2;RE
Castelnovo di Sotto;Gualtieri;Reggio Emilia;Emilia-Romagna;Reggio Emilia;Emilia-Romagna;F2;RE
Castelnovo di Sotto;Poviglio;Reggio Emilia;Emilia-Romagna;Reggio Emilia;Emilia-Romagna;F2;RE
Castelnovo ne' Monti;Canossa;Reggio Emilia;Emilia-Romagna;Reggio Emilia;Emilia-Romagna;E2;RE
Castelnovo ne' Monti;Carpineti;Reggio Emilia;Emilia-Romagna;Reggio Emilia;Emilia-Romagna;E2;RE
Castelnovo ne' Monti;Casina;Reggio Emilia;Emilia-Romagna;Reggio Emilia;Emilia-Romagna;E2;RE
Castelnovo ne' Monti;Ventasso;Reggio Emilia;Emilia-Romagna;Reggio Emilia;Emilia-Romagna;E2;RE
Castelnovo ne' Monti;Vetto;Reggio Emilia;Emilia-Romagna;Reggio Emilia;Emilia-Romagna;E2;RE
Castelnovo ne' Monti;Villa Minozzo;Reggio Emilia;Emilia-Romagna;Reggio Emilia;Emilia-Romagna;E2;RE
Cavriago;Bibbiano;Reggio Emilia;Emilia-Romagna;Reggio Emilia;Emilia-Romagna;F2;RE
Cavriago;Reggio nell'Emilia;Reggio Emilia;Emilia-Romagna;Reggio Emilia;Emilia-Romagna;F2;RE
Correggio;Bagnolo in Piano;Reggio Emilia;Emilia-Romagna;Reggio Emilia;Emilia-Romagna;F2;RE
Correggio;Campagnola Emilia;Reggio Emilia;Emilia-Romagna;Reggio Emilia;Emilia-Romagna;F2;RE
Correggio;Novellara;Reggio Emilia;Emilia-Romagna;Reggio Emilia;Emilia-Romagna;F2;RE
Correggio;Reggio nell'Emilia;Reggio Emilia;Emilia-Romagna;Reggio Emilia;Emilia-Romagna;F2;RE
Correggio;Rio Saliceto;Reggio Emilia;Emilia-Romagna;Reggio Emilia;Emilia-Romagna;F2;RE
Correggio;San Martino in Rio;Reggio Emilia;Emilia-Romagna;Reggio Emilia;Emilia-Romagna;F2;RE
Correggio;Campogalliano;Reggio Emilia;Emilia-Romagna;Modena;Emilia-Romagna;F2;RE
Correggio;Carpi;Reggio Emilia;Emilia-Romagna;Modena;Emilia-Romagna;F2;RE
Fabbrico;Campagnola Emilia;Reggio Emilia;Emilia-Romagna;Reggio Emilia;Emilia-Romagna;F2;RE
Fabbrico;Reggiolo;Reggio Emilia;Emilia-Romagna;Reggio Emilia;Emilia-Romagna;F2;RE
Fabbrico;Rio Saliceto;Reggio Emilia;Emilia-Romagna;Reggio Emilia;Emilia-Romagna;F2;RE
Fabbrico;Rolo;Reggio Emilia;Emilia-Romagna;Reggio Emilia;Emilia-Romagna;F2;RE
Fabbrico;Carpi;Reggio Emilia;Emilia-Romagna;Modena;Emilia-Romagna;F2;RE
Gattatico;Parma;Reggio Emilia;Emilia-Romagna;Parma;Emilia-Romagna;F2;RE
Gattatico;Sorbolo Mezzani;Reggio Emilia;Emilia-Romagna;Parma;Emilia-Romagna;F2;RE
Gattatico;Brescello;Reggio Emilia;Emilia-Romagna;Reggio Emilia;Emilia-Romagna;F2;RE
Gattatico;Campegine;Reggio Emilia;Emilia-Romagna;Reggio Emilia;Emilia-Romagna;F2;RE
Gattatico;Castelnovo di Sotto;Reggio Emilia;Emilia-Romagna;Reggio Emilia;Emilia-Romagna;F2;RE
Gattatico;Poviglio;Reggio Emilia;Emilia-Romagna;Reggio Emilia;Emilia-Romagna;F2;RE
Gattatico;Sant'Ilario d'Enza;Reggio Emilia;Emilia-Romagna;Reggio Emilia;Emilia-Romagna;F2;RE
Gualtieri;Dosolo;Reggio Emilia;Emilia-Romagna;Mantova;Lombardia;F3;RE
Gualtieri;Pomponesco;Reggio Emilia;Emilia-Romagna;Mantova;Lombardia;F3;RE
Gualtieri;Boretto;Reggio Emilia;Emilia-Romagna;Reggio Emilia;Emilia-Romagna;F3;RE
Gualtieri;Cadelbosco di Sopra;Reggio Emilia;Emilia-Romagna;Reggio Emilia;Emilia-Romagna;F3;RE
Gualtieri;Castelnovo di Sotto;Reggio Emilia;Emilia-Romagna;Reggio Emilia;Emilia-Romagna;F3;RE
Gualtieri;Guastalla;Reggio Emilia;Emilia-Romagna;Reggio Emilia;Emilia-Romagna;F3;RE
Guastalla;Dosolo;Reggio Emilia;Emilia-Romagna;Mantova;Lombardia;F3;RE
Guastalla;Cadelbosco di Sopra;Reggio Emilia;Emilia-Romagna;Reggio Emilia;Emilia-Romagna;F3;RE
Guastalla;Gualtieri;Reggio Emilia;Emilia-Romagna;Reggio Emilia;Emilia-Romagna;F3;RE
Guastalla;Luzzara;Reggio Emilia;Emilia-Romagna;Reggio Emilia;Emilia-Romagna;F3;RE
Guastalla;Novellara;Reggio Emilia;Emilia-Romagna;Reggio Emilia;Emilia-Romagna;F3;RE
Guastalla;Reggiolo;Reggio Emilia;Emilia-Romagna;Reggio Emilia;Emilia-Romagna;F3;RE
Luzzara;Dosolo;Reggio Emilia;Emilia-Romagna;Mantova;Lombardia;F3;RE
Luzzara;Gonzaga;Reggio Emilia;Emilia-Romagna;Mantova;Lombardia;F3;RE
Luzzara;Suzzara;Reggio Emilia;Emilia-Romagna;Mantova;Lombardia;F3;RE
Luzzara;Guastalla;Reggio Emilia;Emilia-Romagna;Reggio Emilia;Emilia-Romagna;F3;RE
Luzzara;Reggiolo;Reggio Emilia;Emilia-Romagna;Reggio Emilia;Emilia-Romagna;F3;RE
Montecchio Emilia;Montechiarugolo;Reggio Emilia;Emilia-Romagna;Parma;Emilia-Romagna;F2;RE
Montecchio Emilia;Bibbiano;Reggio Emilia;Emilia-Romagna;Reggio Emilia;Emilia-Romagna;F2;RE
Montecchio Emilia;Reggio nell'Emilia;Reggio Emilia;Emilia-Romagna;Reggio Emilia;Emilia-Romagna;F2;RE
Montecchio Emilia;San Polo d'Enza;Reggio Emilia;Emilia-Romagna;Reggio Emilia;Emilia-Romagna;F2;RE
Montecchio Emilia;Sant'Ilario d'Enza;Reggio Emilia;Emilia-Romagna;Reggio Emilia;Emilia-Romagna;F2;RE
Novellara;Bagnolo in Piano;Reggio Emilia;Emilia-Romagna;Reggio Emilia;Emilia-Romagna;F2;RE
Novellara;Cadelbosco di Sopra;Reggio Emilia;Emilia-Romagna;Reggio Emilia;Emilia-Romagna;F2;RE
Novellara;Campagnola Emilia;Reggio Emilia;Emilia-Romagna;Reggio Emilia;Emilia-Romagna;F2;RE
Novellara;Correggio;Reggio Emilia;Emilia-Romagna;Reggio Emilia;Emilia-Romagna;F2;RE
Novellara;Guastalla;Reggio Emilia;Emilia-Romagna;Reggio Emilia;Emilia-Romagna;F2;RE
Novellara;Reggiolo;Reggio Emilia;Emilia-Romagna;Reggio Emilia;Emilia-Romagna;F2;RE
Poviglio;Boretto;Reggio Emilia;Emilia-Romagna;Reggio Emilia;Emilia-Romagna;F3;RE
Poviglio;Brescello;Reggio Emilia;Emilia-Romagna;Reggio Emilia;Emilia-Romagna;F3;RE
Poviglio;Castelnovo di Sotto;Reggio Emilia;Emilia-Romagna;Reggio Emilia;Emilia-Romagna;F3;RE
Poviglio;Gattatico;Reggio Emilia;Emilia-Romagna;Reggio Emilia;Emilia-Romagna;F3;RE
Quattro Castella;Albinea;Reggio Emilia;Emilia-Romagna;Reggio Emilia;Emilia-Romagna;E2;RE
Quattro Castella;Bibbiano;Reggio Emilia;Emilia-Romagna;Reggio Emilia;Emilia-Romagna;E2;RE
Quattro Castella;Reggio nell'Emilia;Reggio Emilia;Emilia-Romagna;Reggio Emilia;Emilia-Romagna;E2;RE
Quattro Castella;San Polo d'Enza;Reggio Emilia;Emilia-Romagna;Reggio Emilia;Emilia-Romagna;E2;RE
Quattro Castella;Vezzano sul Crostolo;Reggio Emilia;Emilia-Romagna;Reggio Emilia;Emilia-Romagna;E2;RE
Reggio nell'Emilia;Albinea;Reggio Emilia;Emilia-Romagna;Reggio Emilia;Emilia-Romagna;F2;RE
Reggio nell'Emilia;Bagnolo in Piano;Reggio Emilia;Emilia-Romagna;Reggio Emilia;Emilia-Romagna;F2;RE
Reggio nell'Emilia;Bibbiano;Reggio Emilia;Emilia-Romagna;Reggio Emilia;Emilia-Romagna;F2;RE
Reggio nell'Emilia;Cadelbosco di Sopra;Reggio Emilia;Emilia-Romagna;Reggio Emilia;Emilia-Romagna;F2;RE
Reggio nell'Emilia;Campegine;Reggio Emilia;Emilia-Romagna;Reggio Emilia;Emilia-Romagna;F2;RE
Reggio nell'Emilia;Casalgrande;Reggio Emilia;Emilia-Romagna;Reggio Emilia;Emilia-Romagna;F2;RE
Reggio nell'Emilia;Cavriago;Reggio Emilia;Emilia-Romagna;Reggio Emilia;Emilia-Romagna;F2;RE
Reggio nell'Emilia;Correggio;Reggio Emilia;Emilia-Romagna;Reggio Emilia;Emilia-Romagna;F2;RE
Reggio nell'Emilia;Montecchio Emilia;Reggio Emilia;Emilia-Romagna;Reggio Emilia;Emilia-Romagna;F2;RE
Reggio nell'Emilia;Quattro Castella;Reggio Emilia;Emilia-Romagna;Reggio Emilia;Emilia-Romagna;F2;RE
Reggio nell'Emilia;Rubiera;Reggio Emilia;Emilia-Romagna;Reggio Emilia;Emilia-Romagna;F2;RE
Reggio nell'Emilia;San Martino in Rio;Reggio Emilia;Emilia-Romagna;Reggio Emilia;Emilia-Romagna;F2;RE
Reggio nell'Emilia;Sant'Ilario d'Enza;Reggio Emilia;Emilia-Romagna;Reggio Emilia;Emilia-Romagna;F2;RE
Reggio nell'Emilia;Scandiano;Reggio Emilia;Emilia-Romagna;Reggio Emilia;Emilia-Romagna;F2;RE
Reggiolo;Gonzaga;Reggio Emilia;Emilia-Romagna;Mantova;Lombardia;F2;RE
Reggiolo;Moglia;Reggio Emilia;Emilia-Romagna;Mantova;Lombardia;F2;RE
Reggiolo;Campagnola Emilia;Reggio Emilia;Emilia-Romagna;Reggio Emilia;Emilia-Romagna;F2;RE
Reggiolo;Fabbrico;Reggio Emilia;Emilia-Romagna;Reggio Emilia;Emilia-Romagna;F2;RE
Reggiolo;Guastalla;Reggio Emilia;Emilia-Romagna;Reggio Emilia;Emilia-Romagna;F2;RE
Reggiolo;Luzzara;Reggio Emilia;Emilia-Romagna;Reggio Emilia;Emilia-Romagna;F2;RE
Reggiolo;Novellara;Reggio Emilia;Emilia-Romagna;Reggio Emilia;Emilia-Romagna;F2;RE
Reggiolo;Rolo;Reggio Emilia;Emilia-Romagna;Reggio Emilia;Emilia-Romagna;F2;RE
Rio Saliceto;Campagnola Emilia;Reggio Emilia;Emilia-Romagna;Reggio Emilia;Emilia-Romagna;F2;RE
Rio Saliceto;Correggio;Reggio Emilia;Emilia-Romagna;Reggio Emilia;Emilia-Romagna;F2;RE
Rio Saliceto;Fabbrico;Reggio Emilia;Emilia-Romagna;Reggio Emilia;Emilia-Romagna;F2;RE
Rio Saliceto;Carpi;Reggio Emilia;Emilia-Romagna;Modena;Emilia-Romagna;F2;RE
Rolo;Moglia;Reggio Emilia;Emilia-Romagna;Mantova;Lombardia;F2;RE
Rolo;Fabbrico;Reggio Emilia;Emilia-Romagna;Reggio Emilia;Emilia-Romagna;F2;RE
Rolo;Reggiolo;Reggio Emilia;Emilia-Romagna;Reggio Emilia;Emilia-Romagna;F2;RE
Rolo;Carpi;Reggio Emilia;Emilia-Romagna;Modena;Emilia-Romagna;F2;RE
Rolo;Novi di Modena;Reggio Emilia;Emilia-Romagna;Modena;Emilia-Romagna;F2;RE
Rubiera;Casalgrande;Reggio Emilia;Emilia-Romagna;Reggio Emilia;Emilia-Romagna;F1;RE
Rubiera;Reggio nell'Emilia;Reggio Emilia;Emilia-Romagna;Reggio Emilia;Emilia-Romagna;F1;RE
Rubiera;San Martino in Rio;Reggio Emilia;Emilia-Romagna;Reggio Emilia;Emilia-Romagna;F1;RE
Rubiera;Campogalliano;Reggio Emilia;Emilia-Romagna;Modena;Emilia-Romagna;F1;RE
Rubiera;Modena;Reggio Emilia;Emilia-Romagna;Modena;Emilia-Romagna;F1;RE
San Martino in Rio;Correggio;Reggio Emilia;Emilia-Romagna;Reggio Emilia;Emilia-Romagna;F2;RE
San Martino in Rio;Reggio nell'Emilia;Reggio Emilia;Emilia-Romagna;Reggio Emilia;Emilia-Romagna;F2;RE
San Martino in Rio;Rubiera;Reggio Emilia;Emilia-Romagna;Reggio Emilia;Emilia-Romagna;F2;RE
San Martino in Rio;Campogalliano;Reggio Emilia;Emilia-Romagna;Modena;Emilia-Romagna;F2;RE
San Polo d'Enza;Montechiarugolo;Reggio Emilia;Emilia-Romagna;Parma;Emilia-Romagna;E2;RE
San Polo d'Enza;Traversetolo;Reggio Emilia;Emilia-Romagna;Parma;Emilia-Romagna;E2;RE
San Polo d'Enza;Bibbiano;Reggio Emilia;Emilia-Romagna;Reggio Emilia;Emilia-Romagna;E2;RE
San Polo d'Enza;Canossa;Reggio Emilia;Emilia-Romagna;Reggio Emilia;Emilia-Romagna;E2;RE
San Polo d'Enza;Montecchio Emilia;Reggio Emilia;Emilia-Romagna;Reggio Emilia;Emilia-Romagna;E2;RE
San Polo d'Enza;Quattro Castella;Reggio Emilia;Emilia-Romagna;Reggio Emilia;Emilia-Romagna;E2;RE
San Polo d'Enza;Vezzano sul Crostolo;Reggio Emilia;Emilia-Romagna;Reggio Emilia;Emilia-Romagna;E2;RE
Sant'Ilario d'Enza;Montechiarugolo;Reggio Emilia;Emilia-Romagna;Parma;Emilia-Romagna;F2;RE
Sant'Ilario d'Enza;Parma;Reggio Emilia;Emilia-Romagna;Parma;Emilia-Romagna;F2;RE
Sant'Ilario d'Enza;Campegine;Reggio Emilia;Emilia-Romagna;Reggio Emilia;Emilia-Romagna;F2;RE
Sant'Ilario d'Enza;Gattatico;Reggio Emilia;Emilia-Romagna;Reggio Emilia;Emilia-Romagna;F2;RE
Sant'Ilario d'Enza;Montecchio Emilia;Reggio Emilia;Emilia-Romagna;Reggio Emilia;Emilia-Romagna;F2;RE
Sant'Ilario d'Enza;Reggio nell'Emilia;Reggio Emilia;Emilia-Romagna;Reggio Emilia;Emilia-Romagna;F2;RE
Scandiano;Albinea;Reggio Emilia;Emilia-Romagna;Reggio Emilia;Emilia-Romagna;E2;RE
Scandiano;Casalgrande;Reggio Emilia;Emilia-Romagna;Reggio Emilia;Emilia-Romagna;E2;RE
Scandiano;Castellarano;Reggio Emilia;Emilia-Romagna;Reggio Emilia;Emilia-Romagna;E2;RE
Scandiano;Reggio nell'Emilia;Reggio Emilia;Emilia-Romagna;Reggio Emilia;Emilia-Romagna;E2;RE
Scandiano;Viano;Reggio Emilia;Emilia-Romagna;Reggio Emilia;Emilia-Romagna;E2;RE
Toano;Baiso;Reggio Emilia;Emilia-Romagna;Reggio Emilia;Emilia-Romagna;E1;RE
Toano;Carpineti;Reggio Emilia;Emilia-Romagna;Reggio Emilia;Emilia-Romagna;E1;RE
Toano;Villa Minozzo;Reggio Emilia;Emilia-Romagna;Reggio Emilia;Emilia-Romagna;E1;RE
Toano;Frassinoro;Reggio Emilia;Emilia-Romagna;Modena;Emilia-Romagna;E1;RE
Toano;Montefiorino;Reggio Emilia;Emilia-Romagna;Modena;Emilia-Romagna;E1;RE
Toano;Palagano;Reggio Emilia;Emilia-Romagna;Modena;Emilia-Romagna;E1;RE
Toano;Prignano sulla Secchia;Reggio Emilia;Emilia-Romagna;Modena;Emilia-Romagna;E1;RE
Ventasso;Monchio delle Corti;Reggio Emilia;Emilia-Romagna;Parma;Emilia-Romagna;E1;RE
Ventasso;Palanzano;Reggio Emilia;Emilia-Romagna;Parma;Emilia-Romagna;E1;RE
Ventasso;Castelnovo ne' Monti;Reggio Emilia;Emilia-Romagna;Reggio Emilia;Emilia-Romagna;E1;RE
Ventasso;Vetto;Reggio Emilia;Emilia-Romagna;Reggio Emilia;Emilia-Romagna;E1;RE
Ventasso;Villa Minozzo;Reggio Emilia;Emilia-Romagna;Reggio Emilia;Emilia-Romagna;E1;RE
Ventasso;Comano;Reggio Emilia;Emilia-Romagna;Massa-Carrara;Toscana;E1;RE
Ventasso;Fivizzano;Reggio Emilia;Emilia-Romagna;Massa-Carrara;Toscana;E1;RE
Ventasso;Sillano Giuncugnano;Reggio Emilia;Emilia-Romagna;Lucca;Toscana;E1;RE
Vetto;Neviano degli Arduini;Reggio Emilia;Emilia-Romagna;Parma;Emilia-Romagna;E2;RE
Vetto;Palanzano;Reggio Emilia;Emilia-Romagna;Parma;Emilia-Romagna;E2;RE
Vetto;Canossa;Reggio Emilia;Emilia-Romagna;Reggio Emilia;Emilia-Romagna;E2;RE
Vetto;Castelnovo ne' Monti;Reggio Emilia;Emilia-Romagna;Reggio Emilia;Emilia-Romagna;E2;RE
Vetto;Ventasso;Reggio Emilia;Emilia-Romagna;Reggio Emilia;Emilia-Romagna;E2;RE
Vezzano sul Crostolo;Albinea;Reggio Emilia;Emilia-Romagna;Reggio Emilia;Emilia-Romagna;E2;RE
Vezzano sul Crostolo;Canossa;Reggio Emilia;Emilia-Romagna;Reggio Emilia;Emilia-Romagna;E2;RE
Vezzano sul Crostolo;Casina;Reggio Emilia;Emilia-Romagna;Reggio Emilia;Emilia-Romagna;E2;RE
Vezzano sul Crostolo;Quattro Castella;Reggio Emilia;Emilia-Romagna;Reggio Emilia;Emilia-Romagna;E2;RE
Vezzano sul Crostolo;San Polo d'Enza;Reggio Emilia;Emilia-Romagna;Reggio Emilia;Emilia-Romagna;E2;RE
Vezzano sul Crostolo;Viano;Reggio Emilia;Emilia-Romagna;Reggio Emilia;Emilia-Romagna;E2;RE
Viano;Albinea;Reggio Emilia;Emilia-Romagna;Reggio Emilia;Emilia-Romagna;E2;RE
Viano;Baiso;Reggio Emilia;Emilia-Romagna;Reggio Emilia;Emilia-Romagna;E2;RE
Viano;Carpineti;Reggio Emilia;Emilia-Romagna;Reggio Emilia;Emilia-Romagna;E2;RE
Viano;Casina;Reggio Emilia;Emilia-Romagna;Reggio Emilia;Emilia-Romagna;E2;RE
Viano;Castellarano;Reggio Emilia;Emilia-Romagna;Reggio Emilia;Emilia-Romagna;E2;RE
Viano;Scandiano;Reggio Emilia;Emilia-Romagna;Reggio Emilia;Emilia-Romagna;E2;RE
Viano;Vezzano sul Crostolo;Reggio Emilia;Emilia-Romagna;Reggio Emilia;Emilia-Romagna;E2;RE
Villa Minozzo;Carpineti;Reggio Emilia;Emilia-Romagna;Reggio Emilia;Emilia-Romagna;E1;RE
Villa Minozzo;Castelnovo ne' Monti;Reggio Emilia;Emilia-Romagna;Reggio Emilia;Emilia-Romagna;E1;RE
Villa Minozzo;Toano;Reggio Emilia;Emilia-Romagna;Reggio Emilia;Emilia-Romagna;E1;RE
Villa Minozzo;Ventasso;Reggio Emilia;Emilia-Romagna;Reggio Emilia;Emilia-Romagna;E1;RE
Villa Minozzo;Frassinoro;Reggio Emilia;Emilia-Romagna;Modena;Emilia-Romagna;E1;RE
Villa Minozzo;Castiglione di Garfagnana;Reggio Emilia;Emilia-Romagna;Lucca;Toscana;E1;RE
Villa Minozzo;Sillano Giuncugnano;Reggio Emilia;Emilia-Romagna;Lucca;Toscana;E1;RE
Villa Minozzo;Villa Collemandina;Reggio Emilia;Emilia-Romagna;Lucca;Toscana;E1;RE
Bastiglia;Bomporto;Modena;Emilia-Romagna;Modena;Emilia-Romagna;F1;MO
Bastiglia;Modena;Modena;Emilia-Romagna;Modena;Emilia-Romagna;F1;MO
Bastiglia;Soliera;Modena;Emilia-Romagna;Modena;Emilia-Romagna;F1;MO
Bomporto;Bastiglia;Modena;Emilia-Romagna;Modena;Emilia-Romagna;F1;MO
Bomporto;Camposanto;Modena;Emilia-Romagna;Modena;Emilia-Romagna;F1;MO
Bomporto;Medolla;Modena;Emilia-Romagna;Modena;Emilia-Romagna;F1;MO
Bomporto;Modena;Modena;Emilia-Romagna;Modena;Emilia-Romagna;F1;MO
Bomporto;Nonantola;Modena;Emilia-Romagna;Modena;Emilia-Romagna;F1;MO
Bomporto;Ravarino;Modena;Emilia-Romagna;Modena;Emilia-Romagna;F1;MO
Bomporto;San Prospero;Modena;Emilia-Romagna;Modena;Emilia-Romagna;F1;MO
Bomporto;Soliera;Modena;Emilia-Romagna;Modena;Emilia-Romagna;F1;MO
Campogalliano;Correggio;Modena;Emilia-Romagna;Reggio Emilia;Emilia-Romagna;F1;MO
Campogalliano;Rubiera;Modena;Emilia-Romagna;Reggio Emilia;Emilia-Romagna;F1;MO
Campogalliano;San Martino in Rio;Modena;Emilia-Romagna;Reggio Emilia;Emilia-Romagna;F1;MO
Campogalliano;Carpi;Modena;Emilia-Romagna;Modena;Emilia-Romagna;F1;MO
Campogalliano;Modena;Modena;Emilia-Romagna;Modena;Emilia-Romagna;F1;MO
Camposanto;Bomporto;Modena;Emilia-Romagna;Modena;Emilia-Romagna;F1;MO
Camposanto;Finale Emilia;Modena;Emilia-Romagna;Modena;Emilia-Romagna;F1;MO
Camposanto;Medolla;Modena;Emilia-Romagna;Modena;Emilia-Romagna;F1;MO
Camposanto;Ravarino;Modena;Emilia-Romagna;Modena;Emilia-Romagna;F1;MO
Camposanto;San Felice sul Panaro;Modena;Emilia-Romagna;Modena;Emilia-Romagna;F1;MO
Camposanto;San Prospero;Modena;Emilia-Romagna;Modena;Emilia-Romagna;F1;MO
Camposanto;Crevalcore;Modena;Emilia-Romagna;Bologna;Emilia-Romagna;F1;MO
Carpi;Correggio;Modena;Emilia-Romagna;Reggio Emilia;Emilia-Romagna;F1;MO
Carpi;Fabbrico;Modena;Emilia-Romagna;Reggio Emilia;Emilia-Romagna;F1;MO
Carpi;Rio Saliceto;Modena;Emilia-Romagna;Reggio Emilia;Emilia-Romagna;F1;MO
Carpi;Rolo;Modena;Emilia-Romagna;Reggio Emilia;Emilia-Romagna;F1;MO
Carpi;Campogalliano;Modena;Emilia-Romagna;Modena;Emilia-Romagna;F1;MO
Carpi;Cavezzo;Modena;Emilia-Romagna;Modena;Emilia-Romagna;F1;MO
Carpi;Modena;Modena;Emilia-Romagna;Modena;Emilia-Romagna;F1;MO
Carpi;Novi di Modena;Modena;Emilia-Romagna;Modena;Emilia-Romagna;F1;MO
Carpi;San Prospero;Modena;Emilia-Romagna;Modena;Emilia-Romagna;F1;MO
Carpi;Soliera;Modena;Emilia-Romagna;Modena;Emilia-Romagna;F1;MO
Castelfranco Emilia;Modena;Modena;Emilia-Romagna;Modena;Emilia-Romagna;F1;MO
Castelfranco Emilia;Nonantola;Modena;Emilia-Romagna;Modena;Emilia-Romagna;F1;MO
Castelfranco Emilia;San Cesario sul Panaro;Modena;Emilia-Romagna;Modena;Emilia-Romagna;F1;MO
Castelfranco Emilia;Anzola dell'Emilia;Modena;Emilia-Romagna;Bologna;Emilia-Romagna;F1;MO
Castelfranco Emilia;San Giovanni in Persiceto;Modena;Emilia-Romagna;Bologna;Emilia-Romagna;F1;MO
Castelfranco Emilia;Sant'Agata Bolognese;Modena;Emilia-Romagna;Bologna;Emilia-Romagna;F1;MO
Castelfranco Emilia;Valsamoggia;Modena;Emilia-Romagna;Bologna;Emilia-Romagna;F1;MO
Castelnuovo Rangone;Castelvetro di Modena;Modena;Emilia-Romagna;Modena;Emilia-Romagna;E2;MO
Castelnuovo Rangone;Formigine;Modena;Emilia-Romagna;Modena;Emilia-Romagna;E2;MO
Castelnuovo Rangone;Modena;Modena;Emilia-Romagna;Modena;Emilia-Romagna;E2;MO
Castelnuovo Rangone;Spilamberto;Modena;Emilia-Romagna;Modena;Emilia-Romagna;E2;MO
Castelvetro di Modena;Castelnuovo Rangone;Modena;Emilia-Romagna;Modena;Emilia-Romagna;E2;MO
Castelvetro di Modena;Formigine;Modena;Emilia-Romagna;Modena;Emilia-Romagna;E2;MO
Castelvetro di Modena;Maranello;Modena;Emilia-Romagna;Modena;Emilia-Romagna;E2;MO
Castelvetro di Modena;Marano sul Panaro;Modena;Emilia-Romagna;Modena;Emilia-Romagna;E2;MO
Castelvetro di Modena;Spilamberto;Modena;Emilia-Romagna;Modena;Emilia-Romagna;E2;MO
Castelvetro di Modena;Vignola;Modena;Emilia-Romagna;Modena;Emilia-Romagna;E2;MO
Cavezzo;Carpi;Modena;Emilia-Romagna;Modena;Emilia-Romagna;F1;MO
Cavezzo;Medolla;Modena;Emilia-Romagna;Modena;Emilia-Romagna;F1;MO
Cavezzo;Mirandola;Modena;Emilia-Romagna;Modena;Emilia-Romagna;F1;MO
Cavezzo;Novi di Modena;Modena;Emilia-Romagna;Modena;Emilia-Romagna;F1;MO
Cavezzo;San Possidonio;Modena;Emilia-Romagna;Modena;Emilia-Romagna;F1;MO
Cavezzo;San Prospero;Modena;Emilia-Romagna;Modena;Emilia-Romagna;F1;MO
Concordia sulla Secchia;Moglia;Modena;Emilia-Romagna;Mantova;Lombardia;F1;MO
Concordia sulla Secchia;Quistello;Modena;Emilia-Romagna;Mantova;Lombardia;F1;MO
Concordia sulla Secchia;San Giacomo delle Segnate;Modena;Emilia-Romagna;Mantova;Lombardia;F1;MO
Concordia sulla Secchia;San Giovanni del Dosso;Modena;Emilia-Romagna;Mantova;Lombardia;F1;MO
Concordia sulla Secchia;Mirandola;Modena;Emilia-Romagna;Modena;Emilia-Romagna;F1;MO
Concordia sulla Secchia;Novi di Modena;Modena;Emilia-Romagna;Modena;Emilia-Romagna;F1;MO
Concordia sulla Secchia;San Possidonio;Modena;Emilia-Romagna;Modena;Emilia-Romagna;F1;MO
Fanano;Fiumalbo;Modena;Emilia-Romagna;Modena;Emilia-Romagna;E1;MO
Fanano;Montese;Modena;Emilia-Romagna;Modena;Emilia-Romagna;E1;MO
Fanano;Sestola;Modena;Emilia-Romagna;Modena;Emilia-Romagna;E1;MO
Fanano;Lizzano in Belvedere;Modena;Emilia-Romagna;Bologna;Emilia-Romagna;E1;MO
Fanano;Abetone Cutigliano;Modena;Emilia-Romagna;Pistoia;Toscana;E1;MO
Fanano;San Marcello Piteglio;Modena;Emilia-Romagna;Pistoia;Toscana;E1;MO
Finale Emilia;Camposanto;Modena;Emilia-Romagna;Modena;Emilia-Romagna;F1;MO
Finale Emilia;Mirandola;Modena;Emilia-Romagna;Modena;Emilia-Romagna;F1;MO
Finale Emilia;San Felice sul Panaro;Modena;Emilia-Romagna;Modena;Emilia-Romagna;F1;MO
Finale Emilia;Crevalcore;Modena;Emilia-Romagna;Bologna;Emilia-Romagna;F1;MO
Finale Emilia;Bondeno;Modena;Emilia-Romagna;Ferrara;Emilia-Romagna;F1;MO
Finale Emilia;Cento;Modena;Emilia-Romagna;Ferrara;Emilia-Romagna;F1;MO
Fiorano Modenese;Formigine;Modena;Emilia-Romagna;Modena;Emilia-Romagna;E2;MO
Fiorano Modenese;Maranello;Modena;Emilia-Romagna;Modena;Emilia-Romagna;E2;MO
Fiorano Modenese;Sassuolo;Modena;Emilia-Romagna;Modena;Emilia-Romagna;E2;MO
Fiorano Modenese;Serramazzoni;Modena;Emilia-Romagna;Modena;Emilia-Romagna;E2;MO
Fiumalbo;Fanano;Modena;Emilia-Romagna;Modena;Emilia-Romagna;E1;MO
Fiumalbo;Pievepelago;Modena;Emilia-Romagna;Modena;Emilia-Romagna;E1;MO
Fiumalbo;Riolunato;Modena;Emilia-Romagna;Modena;Emilia-Romagna;E1;MO
Fiumalbo;Sestola;Modena;Emilia-Romagna;Modena;Emilia-Romagna;E1;MO
Fiumalbo;Coreglia Antelminelli;Modena;Emilia-Romagna;Lucca;Toscana;E1;MO
Fiumalbo;Abetone Cutigliano;Modena;Emilia-Romagna;Pistoia;Toscana;E1;MO
Formigine;Casalgrande;Modena;Emilia-Romagna;Reggio Emilia;Emilia-Romagna;E2;MO
Formigine;Castelnuovo Rangone;Modena;Emilia-Romagna;Modena;Emilia-Romagna;E2;MO
Formigine;Castelvetro di Modena;Modena;Emilia-Romagna;Modena;Emilia-Romagna;E2;MO
Formigine;Fiorano Modenese;Modena;Emilia-Romagna;Modena;Emilia-Romagna;E2;MO
Formigine;Maranello;Modena;Emilia-Romagna;Modena;Emilia-Romagna;E2;MO
Formigine;Modena;Modena;Emilia-Romagna;Modena;Emilia-Romagna;E2;MO
Formigine;Sassuolo;Modena;Emilia-Romagna;Modena;Emilia-Romagna;E2;MO
Frassinoro;Toano;Modena;Emilia-Romagna;Reggio Emilia;Emilia-Romagna;E1;MO
Frassinoro;Villa Minozzo;Modena;Emilia-Romagna;Reggio Emilia;Emilia-Romagna;E1;MO
Frassinoro;Montefiorino;Modena;Emilia-Romagna;Modena;Emilia-Romagna;E1;MO
Frassinoro;Palagano;Modena;Emilia-Romagna;Modena;Emilia-Romagna;E1;MO
Frassinoro;Pievepelago;Modena;Emilia-Romagna;Modena;Emilia-Romagna;E1;MO
Frassinoro;Riolunato;Modena;Emilia-Romagna;Modena;Emilia-Romagna;E1;MO
Frassinoro;Castiglione di Garfagnana;Modena;Emilia-Romagna;Lucca;Toscana;E1;MO
Guiglia;Marano sul Panaro;Modena;Emilia-Romagna;Modena;Emilia-Romagna;E2;MO
Guiglia;Pavullo nel Frignano;Modena;Emilia-Romagna;Modena;Emilia-Romagna;E2;MO
Guiglia;Savignano sul Panaro;Modena;Emilia-Romagna;Modena;Emilia-Romagna;E2;MO
Guiglia;Zocca;Modena;Emilia-Romagna;Modena;Emilia-Romagna;E2;MO
Guiglia;Valsamoggia;Modena;Emilia-Romagna;Bologna;Emilia-Romagna;E2;MO
Lama Mocogno;Montecreto;Modena;Emilia-Romagna;Modena;Emilia-Romagna;E1;MO
Lama Mocogno;Palagano;Modena;Emilia-Romagna;Modena;Emilia-Romagna;E1;MO
Lama Mocogno;Pavullo nel Frignano;Modena;Emilia-Romagna;Modena;Emilia-Romagna;E1;MO
Lama Mocogno;Polinago;Modena;Emilia-Romagna;Modena;Emilia-Romagna;E1;MO
Lama Mocogno;Riolunato;Modena;Emilia-Romagna;Modena;Emilia-Romagna;E1;MO
Maranello;Castelvetro di Modena;Modena;Emilia-Romagna;Modena;Emilia-Romagna;E2;MO
Maranello;Fiorano Modenese;Modena;Emilia-Romagna;Modena;Emilia-Romagna;E2;MO
Maranello;Formigine;Modena;Emilia-Romagna;Modena;Emilia-Romagna;E2;MO
Maranello;Marano sul Panaro;Modena;Emilia-Romagna;Modena;Emilia-Romagna;E2;MO
Maranello;Serramazzoni;Modena;Emilia-Romagna;Modena;Emilia-Romagna;E2;MO
Marano sul Panaro;Castelvetro di Modena;Modena;Emilia-Romagna;Modena;Emilia-Romagna;E2;MO
Marano sul Panaro;Guiglia;Modena;Emilia-Romagna;Modena;Emilia-Romagna;E2;MO
Marano sul Panaro;Maranello;Modena;Emilia-Romagna;Modena;Emilia-Romagna;E2;MO
Marano sul Panaro;Pavullo nel Frignano;Modena;Emilia-Romagna;Modena;Emilia-Romagna;E2;MO
Marano sul Panaro;Savignano sul Panaro;Modena;Emilia-Romagna;Modena;Emilia-Romagna;E2;MO
Marano sul Panaro;Serramazzoni;Modena;Emilia-Romagna;Modena;Emilia-Romagna;E2;MO
Marano sul Panaro;Vignola;Modena;Emilia-Romagna;Modena;Emilia-Romagna;E2;MO
Medolla;Bomporto;Modena;Emilia-Romagna;Modena;Emilia-Romagna;F1;MO
Medolla;Camposanto;Modena;Emilia-Romagna;Modena;Emilia-Romagna;F1;MO
Medolla;Cavezzo;Modena;Emilia-Romagna;Modena;Emilia-Romagna;F1;MO
Medolla;Mirandola;Modena;Emilia-Romagna;Modena;Emilia-Romagna;F1;MO
Medolla;San Felice sul Panaro;Modena;Emilia-Romagna;Modena;Emilia-Romagna;F1;MO
Medolla;San Prospero;Modena;Emilia-Romagna;Modena;Emilia-Romagna;F1;MO
Mirandola;Poggio Rusco;Modena;Emilia-Romagna;Mantova;Lombardia;F1;MO
Mirandola;San Giovanni del Dosso;Modena;Emilia-Romagna;Mantova;Lombardia;F1;MO
Mirandola;Sermide e Felonica;Modena;Emilia-Romagna;Mantova;Lombardia;F1;MO
Mirandola;Cavezzo;Modena;Emilia-Romagna;Modena;Emilia-Romagna;F1;MO
Mirandola;Concordia sulla Secchia;Modena;Emilia-Romagna;Modena;Emilia-Romagna;F1;MO
Mirandola;Finale Emilia;Modena;Emilia-Romagna;Modena;Emilia-Romagna;F1;MO
Mirandola;Medolla;Modena;Emilia-Romagna;Modena;Emilia-Romagna;F1;MO
Mirandola;San Felice sul Panaro;Modena;Emilia-Romagna;Modena;Emilia-Romagna;F1;MO
Mirandola;San Possidonio;Modena;Emilia-Romagna;Modena;Emilia-Romagna;F1;MO
Mirandola;Bondeno;Modena;Emilia-Romagna;Ferrara;Emilia-Romagna;F1;MO
Modena;Casalgrande;Modena;Emilia-Romagna;Reggio Emilia;Emilia-Romagna;F1;MO
Modena;Rubiera;Modena;Emilia-Romagna;Reggio Emilia;Emilia-Romagna;F1;MO
Modena;Bastiglia;Modena;Emilia-Romagna;Modena;Emilia-Romagna;F1;MO
Modena;Bomporto;Modena;Emilia-Romagna;Modena;Emilia-Romagna;F1;MO
Modena;Campogalliano;Modena;Emilia-Romagna;Modena;Emilia-Romagna;F1;MO
Modena;Carpi;Modena;Emilia-Romagna;Modena;Emilia-Romagna;F1;MO
Modena;Castelfranco Emilia;Modena;Emilia-Romagna;Modena;Emilia-Romagna;F1;MO
Modena;Castelnuovo Rangone;Modena;Emilia-Romagna;Modena;Emilia-Romagna;F1;MO
Modena;Formigine;Modena;Emilia-Romagna;Modena;Emilia-Romagna;F1;MO
Modena;Nonantola;Modena;Emilia-Romagna;Modena;Emilia-Romagna;F1;MO
Modena;San Cesario sul Panaro;Modena;Emilia-Romagna;Modena;Emilia-Romagna;F1;MO
Modena;Soliera;Modena;Emilia-Romagna;Modena;Emilia-Romagna;F1;MO
Modena;Spilamberto;Modena;Emilia-Romagna;Modena;Emilia-Romagna;F1;MO
Montecreto;Lama Mocogno;Modena;Emilia-Romagna;Modena;Emilia-Romagna;E1;MO
Montecreto;Pavullo nel Frignano;Modena;Emilia-Romagna;Modena;Emilia-Romagna;E1;MO
Montecreto;Riolunato;Modena;Emilia-Romagna;Modena;Emilia-Romagna;E1;MO
Montecreto;Sestola;Modena;Emilia-Romagna;Modena;Emilia-Romagna;E1;MO
Montefiorino;Toano;Modena;Emilia-Romagna;Reggio Emilia;Emilia-Romagna;E1;MO
Montefiorino;Frassinoro;Modena;Emilia-Romagna;Modena;Emilia-Romagna;E1;MO
Montefiorino;Palagano;Modena;Emilia-Romagna;Modena;Emilia-Romagna;E1;MO
Montese;Fanano;Modena;Emilia-Romagna;Modena;Emilia-Romagna;E1;MO
Montese;Pavullo nel Frignano;Modena;Emilia-Romagna;Modena;Emilia-Romagna;E1;MO
Montese;Sestola;Modena;Emilia-Romagna;Modena;Emilia-Romagna;E1;MO
Montese;Zocca;Modena;Emilia-Romagna;Modena;Emilia-Romagna;E1;MO
Montese;Castel d'Aiano;Modena;Emilia-Romagna;Bologna;Emilia-Romagna;E1;MO
Montese;Gaggio Montano;Modena;Emilia-Romagna;Bologna;Emilia-Romagna;E1;MO
Montese;Lizzano in Belvedere;Modena;Emilia-Romagna;Bologna;Emilia-Romagna;E1;MO
Nonantola;Bomporto;Modena;Emilia-Romagna;Modena;Emilia-Romagna;F1;MO
Nonantola;Castelfranco Emilia;Modena;Emilia-Romagna;Modena;Emilia-Romagna;F1;MO
Nonantola;Modena;Modena;Emilia-Romagna;Modena;Emilia-Romagna;F1;MO
Nonantola;Ravarino;Modena;Emilia-Romagna;Modena;Emilia-Romagna;F1;MO
Nonantola;Crevalcore;Modena;Emilia-Romagna;Bologna;Emilia-Romagna;F1;MO
Nonantola;Sant'Agata Bolognese;Modena;Emilia-Romagna;Bologna;Emilia-Romagna;F1;MO
Novi di Modena;Moglia;Modena;Emilia-Romagna;Mantova;Lombardia;F1;MO
Novi di Modena;Rolo;Modena;Emilia-Romagna;Reggio Emilia;Emilia-Romagna;F1;MO
Novi di Modena;Carpi;Modena;Emilia-Romagna;Modena;Emilia-Romagna;F1;MO
Novi di Modena;Cavezzo;Modena;Emilia-Romagna;Modena;Emilia-Romagna;F1;MO
Novi di Modena;Concordia sulla Secchia;Modena;Emilia-Romagna;Modena;Emilia-Romagna;F1;MO
Novi di Modena;San Possidonio;Modena;Emilia-Romagna;Modena;Emilia-Romagna;F1;MO
Palagano;Toano;Modena;Emilia-Romagna;Reggio Emilia;Emilia-Romagna;E1;MO
Palagano;Frassinoro;Modena;Emilia-Romagna;Modena;Emilia-Romagna;E1;MO
Palagano;Lama Mocogno;Modena;Emilia-Romagna;Modena;Emilia-Romagna;E1;MO
Palagano;Montefiorino;Modena;Emilia-Romagna;Modena;Emilia-Romagna;E1;MO
Palagano;Polinago;Modena;Emilia-Romagna;Modena;Emilia-Romagna;E1;MO
Palagano;Prignano sulla Secchia;Modena;Emilia-Romagna;Modena;Emilia-Romagna;E1;MO
Palagano;Riolunato;Modena;Emilia-Romagna;Modena;Emilia-Romagna;E1;MO
Pavullo nel Frignano;Guiglia;Modena;Emilia-Romagna;Modena;Emilia-Romagna;E2;MO
Pavullo nel Frignano;Lama Mocogno;Modena;Emilia-Romagna;Modena;Emilia-Romagna;E2;MO
Pavullo nel Frignano;Marano sul Panaro;Modena;Emilia-Romagna;Modena;Emilia-Romagna;E2;MO
Pavullo nel Frignano;Montecreto;Modena;Emilia-Romagna;Modena;Emilia-Romagna;E2;MO
Pavullo nel Frignano;Montese;Modena;Emilia-Romagna;Modena;Emilia-Romagna;E2;MO
Pavullo nel Frignano;Polinago;Modena;Emilia-Romagna;Modena;Emilia-Romagna;E2;MO
Pavullo nel Frignano;Serramazzoni;Modena;Emilia-Romagna;Modena;Emilia-Romagna;E2;MO
Pavullo nel Frignano;Sestola;Modena;Emilia-Romagna;Modena;Emilia-Romagna;E2;MO
Pavullo nel Frignano;Zocca;Modena;Emilia-Romagna;Modena;Emilia-Romagna;E2;MO
Pievepelago;Fiumalbo;Modena;Emilia-Romagna;Modena;Emilia-Romagna;E1;MO
Pievepelago;Frassinoro;Modena;Emilia-Romagna;Modena;Emilia-Romagna;E1;MO
Pievepelago;Riolunato;Modena;Emilia-Romagna;Modena;Emilia-Romagna;E1;MO
Pievepelago;Barga;Modena;Emilia-Romagna;Lucca;Toscana;E1;MO
Pievepelago;Castiglione di Garfagnana;Modena;Emilia-Romagna;Lucca;Toscana;E1;MO
Pievepelago;Coreglia Antelminelli;Modena;Emilia-Romagna;Lucca;Toscana;E1;MO
Pievepelago;Fosciandora;Modena;Emilia-Romagna;Lucca;Toscana;E1;MO
Pievepelago;Pieve Fosciana;Modena;Emilia-Romagna;Lucca;Toscana;E1;MO
Polinago;Lama Mocogno;Modena;Emilia-Romagna;Modena;Emilia-Romagna;E2;MO
Polinago;Palagano;Modena;Emilia-Romagna;Modena;Emilia-Romagna;E2;MO
Polinago;Pavullo nel Frignano;Modena;Emilia-Romagna;Modena;Emilia-Romagna;E2;MO
Polinago;Prignano sulla Secchia;Modena;Emilia-Romagna;Modena;Emilia-Romagna;E2;MO
Polinago;Serramazzoni;Modena;Emilia-Romagna;Modena;Emilia-Romagna;E2;MO
Prignano sulla Secchia;Baiso;Modena;Emilia-Romagna;Reggio Emilia;Emilia-Romagna;E2;MO
Prignano sulla Secchia;Castellarano;Modena;Emilia-Romagna;Reggio Emilia;Emilia-Romagna;E2;MO
Prignano sulla Secchia;Toano;Modena;Emilia-Romagna;Reggio Emilia;Emilia-Romagna;E2;MO
Prignano sulla Secchia;Palagano;Modena;Emilia-Romagna;Modena;Emilia-Romagna;E2;MO
Prignano sulla Secchia;Polinago;Modena;Emilia-Romagna;Modena;Emilia-Romagna;E2;MO
Prignano sulla Secchia;Sassuolo;Modena;Emilia-Romagna;Modena;Emilia-Romagna;E2;MO
Prignano sulla Secchia;Serramazzoni;Modena;Emilia-Romagna;Modena;Emilia-Romagna;E2;MO
Ravarino;Bomporto;Modena;Emilia-Romagna;Modena;Emilia-Romagna;F1;MO
Ravarino;Camposanto;Modena;Emilia-Romagna;Modena;Emilia-Romagna;F1;MO
Ravarino;Nonantola;Modena;Emilia-Romagna;Modena;Emilia-Romagna;F1;MO
Ravarino;Crevalcore;Modena;Emilia-Romagna;Bologna;Emilia-Romagna;F1;MO
Riolunato;Fiumalbo;Modena;Emilia-Romagna;Modena;Emilia-Romagna;E1;MO
Riolunato;Frassinoro;Modena;Emilia-Romagna;Modena;Emilia-Romagna;E1;MO
Riolunato;Lama Mocogno;Modena;Emilia-Romagna;Modena;Emilia-Romagna;E1;MO
Riolunato;Montecreto;Modena;Emilia-Romagna;Modena;Emilia-Romagna;E1;MO
Riolunato;Palagano;Modena;Emilia-Romagna;Modena;Emilia-Romagna;E1;MO
Riolunato;Pievepelago;Modena;Emilia-Romagna;Modena;Emilia-Romagna;E1;MO
Riolunato;Sestola;Modena;Emilia-Romagna;Modena;Emilia-Romagna;E1;MO
San Cesario sul Panaro;Castelfranco Emilia;Modena;Emilia-Romagna;Modena;Emilia-Romagna;F1;MO
San Cesario sul Panaro;Modena;Modena;Emilia-Romagna;Modena;Emilia-Romagna;F1;MO
San Cesario sul Panaro;Savignano sul Panaro;Modena;Emilia-Romagna;Modena;Emilia-Romagna;F1;MO
San Cesario sul Panaro;Spilamberto;Modena;Emilia-Romagna;Modena;Emilia-Romagna;F1;MO
San Cesario sul Panaro;Valsamoggia;Modena;Emilia-Romagna;Bologna;Emilia-Romagna;F1;MO
San Felice sul Panaro;Camposanto;Modena;Emilia-Romagna;Modena;Emilia-Romagna;F1;MO
San Felice sul Panaro;Finale Emilia;Modena;Emilia-Romagna;Modena;Emilia-Romagna;F1;MO
San Felice sul Panaro;Medolla;Modena;Emilia-Romagna;Modena;Emilia-Romagna;F1;MO
San Felice sul Panaro;Mirandola;Modena;Emilia-Romagna;Modena;Emilia-Romagna;F1;MO
San Possidonio;Cavezzo;Modena;Emilia-Romagna;Modena;Emilia-Romagna;F1;MO
San Possidonio;Concordia sulla Secchia;Modena;Emilia-Romagna;Modena;Emilia-Romagna;F1;MO
San Possidonio;Mirandola;Modena;Emilia-Romagna;Modena;Emilia-Romagna;F1;MO
San Possidonio;Novi di Modena;Modena;Emilia-Romagna;Modena;Emilia-Romagna;F1;MO
San Prospero;Bomporto;Modena;Emilia-Romagna;Modena;Emilia-Romagna;F1;MO
San Prospero;Camposanto;Modena;Emilia-Romagna;Modena;Emilia-Romagna;F1;MO
San Prospero;Carpi;Modena;Emilia-Romagna;Modena;Emilia-Romagna;F1;MO
San Prospero;Cavezzo;Modena;Emilia-Romagna;Modena;Emilia-Romagna;F1;MO
San Prospero;Medolla;Modena;Emilia-Romagna;Modena;Emilia-Romagna;F1;MO
San Prospero;Soliera;Modena;Emilia-Romagna;Modena;Emilia-Romagna;F1;MO
Sassuolo;Casalgrande;Modena;Emilia-Romagna;Reggio Emilia;Emilia-Romagna;E2;MO
Sassuolo;Castellarano;Modena;Emilia-Romagna;Reggio Emilia;Emilia-Romagna;E2;MO
Sassuolo;Fiorano Modenese;Modena;Emilia-Romagna;Modena;Emilia-Romagna;E2;MO
Sassuolo;Formigine;Modena;Emilia-Romagna;Modena;Emilia-Romagna;E2;MO
Sassuolo;Prignano sulla Secchia;Modena;Emilia-Romagna;Modena;Emilia-Romagna;E2;MO
Sassuolo;Serramazzoni;Modena;Emilia-Romagna;Modena;Emilia-Romagna;E2;MO
Savignano sul Panaro;Guiglia;Modena;Emilia-Romagna;Modena;Emilia-Romagna;E2;MO
Savignano sul Panaro;Marano sul Panaro;Modena;Emilia-Romagna;Modena;Emilia-Romagna;E2;MO
Savignano sul Panaro;San Cesario sul Panaro;Modena;Emilia-Romagna;Modena;Emilia-Romagna;E2;MO
Savignano sul Panaro;Spilamberto;Modena;Emilia-Romagna;Modena;Emilia-Romagna;E2;MO
Savignano sul Panaro;Vignola;Modena;Emilia-Romagna;Modena;Emilia-Romagna;E2;MO
Savignano sul Panaro;Valsamoggia;Modena;Emilia-Romagna;Bologna;Emilia-Romagna;E2;MO
Serramazzoni;Fiorano Modenese;Modena;Emilia-Romagna;Modena;Emilia-Romagna;E2;MO
Serramazzoni;Maranello;Modena;Emilia-Romagna;Modena;Emilia-Romagna;E2;MO
Serramazzoni;Marano sul Panaro;Modena;Emilia-Romagna;Modena;Emilia-Romagna;E2;MO
Serramazzoni;Pavullo nel Frignano;Modena;Emilia-Romagna;Modena;Emilia-Romagna;E2;MO
Serramazzoni;Polinago;Modena;Emilia-Romagna;Modena;Emilia-Romagna;E2;MO
Serramazzoni;Prignano sulla Secchia;Modena;Emilia-Romagna;Modena;Emilia-Romagna;E2;MO
Serramazzoni;Sassuolo;Modena;Emilia-Romagna;Modena;Emilia-Romagna;E2;MO
Sestola;Fanano;Modena;Emilia-Romagna;Modena;Emilia-Romagna;E1;MO
Sestola;Fiumalbo;Modena;Emilia-Romagna;Modena;Emilia-Romagna;E1;MO
Sestola;Montecreto;Modena;Emilia-Romagna;Modena;Emilia-Romagna;E1;MO
Sestola;Montese;Modena;Emilia-Romagna;Modena;Emilia-Romagna;E1;MO
Sestola;Pavullo nel Frignano;Modena;Emilia-Romagna;Modena;Emilia-Romagna;E1;MO
Sestola;Riolunato;Modena;Emilia-Romagna;Modena;Emilia-Romagna;E1;MO
Sestola;Lizzano in Belvedere;Modena;Emilia-Romagna;Bologna;Emilia-Romagna;E1;MO
Soliera;Bastiglia;Modena;Emilia-Romagna;Modena;Emilia-Romagna;F1;MO
Soliera;Bomporto;Modena;Emilia-Romagna;Modena;Emilia-Romagna;F1;MO
Soliera;Carpi;Modena;Emilia-Romagna;Modena;Emilia-Romagna;F1;MO
Soliera;Modena;Modena;Emilia-Romagna;Modena;Emilia-Romagna;F1;MO
Soliera;San Prospero;Modena;Emilia-Romagna;Modena;Emilia-Romagna;F1;MO
Spilamberto;Castelnuovo Rangone;Modena;Emilia-Romagna;Modena;Emilia-Romagna;E2;MO
Spilamberto;Castelvetro di Modena;Modena;Emilia-Romagna;Modena;Emilia-Romagna;E2;MO
Spilamberto;Modena;Modena;Emilia-Romagna;Modena;Emilia-Romagna;E2;MO
Spilamberto;San Cesario sul Panaro;Modena;Emilia-Romagna;Modena;Emilia-Romagna;E2;MO
Spilamberto;Savignano sul Panaro;Modena;Emilia-Romagna;Modena;Emilia-Romagna;E2;MO
Spilamberto;Vignola;Modena;Emilia-Romagna;Modena;Emilia-Romagna;E2;MO
Vignola;Castelvetro di Modena;Modena;Emilia-Romagna;Modena;Emilia-Romagna;E2;MO
Vignola;Marano sul Panaro;Modena;Emilia-Romagna;Modena;Emilia-Romagna;E2;MO
Vignola;Savignano sul Panaro;Modena;Emilia-Romagna;Modena;Emilia-Romagna;E2;MO
Vignola;Spilamberto;Modena;Emilia-Romagna;Modena;Emilia-Romagna;E2;MO
Zocca;Guiglia;Modena;Emilia-Romagna;Modena;Emilia-Romagna;E2;MO
Zocca;Montese;Modena;Emilia-Romagna;Modena;Emilia-Romagna;E2;MO
Zocca;Pavullo nel Frignano;Modena;Emilia-Romagna;Modena;Emilia-Romagna;E2;MO
Zocca;Castel d'Aiano;Modena;Emilia-Romagna;Bologna;Emilia-Romagna;E2;MO
Zocca;Valsamoggia;Modena;Emilia-Romagna;Bologna;Emilia-Romagna;E2;MO
Zocca;Vergato;Modena;Emilia-Romagna;Bologna;Emilia-Romagna;E2;MO
Alto Reno Terme;Castel di Casio;Bologna;Emilia-Romagna;Bologna;Emilia-Romagna;C1;BO
Alto Reno Terme;Gaggio Montano;Bologna;Emilia-Romagna;Bologna;Emilia-Romagna;C1;BO
Alto Reno Terme;Lizzano in Belvedere;Bologna;Emilia-Romagna;Bologna;Emilia-Romagna;C1;BO
Alto Reno Terme;Pistoia;Bologna;Emilia-Romagna;Pistoia;Toscana;C1;BO
Alto Reno Terme;Sambuca Pistoiese;Bologna;Emilia-Romagna;Pistoia;Toscana;C1;BO
Anzola dell'Emilia;Castelfranco Emilia;Bologna;Emilia-Romagna;Modena;Emilia-Romagna;D1;BO
Anzola dell'Emilia;Bologna;Bologna;Emilia-Romagna;Bologna;Emilia-Romagna;D1;BO
Anzola dell'Emilia;Calderara di Reno;Bologna;Emilia-Romagna;Bologna;Emilia-Romagna;D1;BO
Anzola dell'Emilia;Sala Bolognese;Bologna;Emilia-Romagna;Bologna;Emilia-Romagna;D1;BO
Anzola dell'Emilia;San Giovanni in Persiceto;Bologna;Emilia-Romagna;Bologna;Emilia-Romagna;D1;BO
Anzola dell'Emilia;Valsamoggia;Bologna;Emilia-Romagna;Bologna;Emilia-Romagna;D1;BO
Anzola dell'Emilia;Zola Predosa;Bologna;Emilia-Romagna;Bologna;Emilia-Romagna;D1;BO
Argelato;Bentivoglio;Bologna;Emilia-Romagna;Bologna;Emilia-Romagna;D1;BO
Argelato;Castel Maggiore;Bologna;Emilia-Romagna;Bologna;Emilia-Romagna;D1;BO
Argelato;Castello d'Argile;Bologna;Emilia-Romagna;Bologna;Emilia-Romagna;D1;BO
Argelato;Sala Bolognese;Bologna;Emilia-Romagna;Bologna;Emilia-Romagna;D1;BO
Argelato;San Giorgio di Piano;Bologna;Emilia-Romagna;Bologna;Emilia-Romagna;D1;BO
Baricella;Budrio;Bologna;Emilia-Romagna;Bologna;Emilia-Romagna;D1;BO
Baricella;Malalbergo;Bologna;Emilia-Romagna;Bologna;Emilia-Romagna;D1;BO
Baricella;Minerbio;Bologna;Emilia-Romagna;Bologna;Emilia-Romagna;D1;BO
Baricella;Molinella;Bologna;Emilia-Romagna;Bologna;Emilia-Romagna;D1;BO
Baricella;Argenta;Bologna;Emilia-Romagna;Ferrara;Emilia-Romagna;D1;BO
Baricella;Ferrara;Bologna;Emilia-Romagna;Ferrara;Emilia-Romagna;D1;BO
Baricella;Poggio Renatico;Bologna;Emilia-Romagna;Ferrara;Emilia-Romagna;D1;BO
Bentivoglio;Argelato;Bologna;Emilia-Romagna;Bologna;Emilia-Romagna;D1;BO
Bentivoglio;Castel Maggiore;Bologna;Emilia-Romagna;Bologna;Emilia-Romagna;D1;BO
Bentivoglio;Granarolo dell'Emilia;Bologna;Emilia-Romagna;Bologna;Emilia-Romagna;D1;BO
Bentivoglio;Malalbergo;Bologna;Emilia-Romagna;Bologna;Emilia-Romagna;D1;BO
Bentivoglio;Minerbio;Bologna;Emilia-Romagna;Bologna;Emilia-Romagna;D1;BO
Bentivoglio;San Giorgio di Piano;Bologna;Emilia-Romagna;Bologna;Emilia-Romagna;D1;BO
Bentivoglio;San Pietro in Casale;Bologna;Emilia-Romagna;Bologna;Emilia-Romagna;D1;BO
Bologna;Anzola dell'Emilia;Bologna;Emilia-Romagna;Bologna;Emilia-Romagna;C2;BO
Bologna;Calderara di Reno;Bologna;Emilia-Romagna;Bologna;Emilia-Romagna;C2;BO
Bologna;Casalecchio di Reno;Bologna;Emilia-Romagna;Bologna;Emilia-Romagna;C2;BO
Bologna;Castel Maggiore;Bologna;Emilia-Romagna;Bologna;Emilia-Romagna;C2;BO
Bologna;Castenaso;Bologna;Emilia-Romagna;Bologna;Emilia-Romagna;C2;BO
Bologna;Granarolo dell'Emilia;Bologna;Emilia-Romagna;Bologna;Emilia-Romagna;C2;BO
Bologna;Pianoro;Bologna;Emilia-Romagna;Bologna;Emilia-Romagna;C2;BO
Bologna;San Lazzaro di Savena;Bologna;Emilia-Romagna;Bologna;Emilia-Romagna;C2;BO
Bologna;Sasso Marconi;Bologna;Emilia-Romagna;Bologna;Emilia-Romagna;C2;BO
Bologna;Zola Predosa;Bologna;Emilia-Romagna;Bologna;Emilia-Romagna;C2;BO
Borgo Tossignano;Casalfiumanese;Bologna;Emilia-Romagna;Bologna;Emilia-Romagna;C2;BO
Borgo Tossignano;Fontanelice;Bologna;Emilia-Romagna;Bologna;Emilia-Romagna;C2;BO
Borgo Tossignano;Imola;Bologna;Emilia-Romagna;Bologna;Emilia-Romagna;C2;BO
Borgo Tossignano;Casola Valsenio;Bologna;Emilia-Romagna;Ravenna;Emilia-Romagna;C2;BO
Borgo Tossignano;Riolo Terme;Bologna;Emilia-Romagna;Ravenna;Emilia-Romagna;C2;BO
Budrio;Baricella;Bologna;Emilia-Romagna;Bologna;Emilia-Romagna;D1;BO
Budrio;Castenaso;Bologna;Emilia-Romagna;Bologna;Emilia-Romagna;D1;BO
Budrio;Granarolo dell'Emilia;Bologna;Emilia-Romagna;Bologna;Emilia-Romagna;D1;BO
Budrio;Medicina;Bologna;Emilia-Romagna;Bologna;Emilia-Romagna;D1;BO
Budrio;Minerbio;Bologna;Emilia-Romagna;Bologna;Emilia-Romagna;D1;BO
Budrio;Molinella;Bologna;Emilia-Romagna;Bologna;Emilia-Romagna;D1;BO
Budrio;Ozzano dell'Emilia;Bologna;Emilia-Romagna;Bologna;Emilia-Romagna;D1;BO
Calderara di Reno;Anzola dell'Emilia;Bologna;Emilia-Romagna;Bologna;Emilia-Romagna;D1;BO
Calderara di Reno;Bologna;Bologna;Emilia-Romagna;Bologna;Emilia-Romagna;D1;BO
Calderara di Reno;Castel Maggiore;Bologna;Emilia-Romagna;Bologna;Emilia-Romagna;D1;BO
Calderara di Reno;Sala Bolognese;Bologna;Emilia-Romagna;Bologna;Emilia-Romagna;D1;BO
Camugnano;Castel di Casio;Bologna;Emilia-Romagna;Bologna;Emilia-Romagna;C1;BO
Camugnano;Castiglione dei Pepoli;Bologna;Emilia-Romagna;Bologna;Emilia-Romagna;C1;BO
Camugnano;Grizzana Morandi;Bologna;Emilia-Romagna;Bologna;Emilia-Romagna;C1;BO
Camugnano;Sambuca Pistoiese;Bologna;Emilia-Romagna;Pistoia;Toscana;C1;BO
Camugnano;Cantagallo;Bologna;Emilia-Romagna;Verbano-Cusio-Ossola;Piemonte;C1;BO
Camugnano;Vernio;Bologna;Emilia-Romagna;Verbano-Cusio-Ossola;Piemonte;C1;BO
Casalecchio di Reno;Bologna;Bologna;Emilia-Romagna;Bologna;Emilia-Romagna;C2;BO
Casalecchio di Reno;Sasso Marconi;Bologna;Emilia-Romagna;Bologna;Emilia-Romagna;C2;BO
Casalecchio di Reno;Zola Predosa;Bologna;Emilia-Romagna;Bologna;Emilia-Romagna;C2;BO
Casalfiumanese;Borgo Tossignano;Bologna;Emilia-Romagna;Bologna;Emilia-Romagna;C2;BO
Casalfiumanese;Castel del Rio;Bologna;Emilia-Romagna;Bologna;Emilia-Romagna;C2;BO
Casalfiumanese;Castel San Pietro Terme;Bologna;Emilia-Romagna;Bologna;Emilia-Romagna;C2;BO
Casalfiumanese;Dozza;Bologna;Emilia-Romagna;Bologna;Emilia-Romagna;C2;BO
Casalfiumanese;Fontanelice;Bologna;Emilia-Romagna;Bologna;Emilia-Romagna;C2;BO
Casalfiumanese;Imola;Bologna;Emilia-Romagna;Bologna;Emilia-Romagna;C2;BO
Casalfiumanese;Monterenzio;Bologna;Emilia-Romagna;Bologna;Emilia-Romagna;C2;BO
Castel d'Aiano;Montese;Bologna;Emilia-Romagna;Modena;Emilia-Romagna;C1;BO
Castel d'Aiano;Zocca;Bologna;Emilia-Romagna;Modena;Emilia-Romagna;C1;BO
Castel d'Aiano;Gaggio Montano;Bologna;Emilia-Romagna;Bologna;Emilia-Romagna;C1;BO
Castel d'Aiano;Vergato;Bologna;Emilia-Romagna;Bologna;Emilia-Romagna;C1;BO
Castel del Rio;Casalfiumanese;Bologna;Emilia-Romagna;Bologna;Emilia-Romagna;C2;BO
Castel del Rio;Fontanelice;Bologna;Emilia-Romagna;Bologna;Emilia-Romagna;C2;BO
Castel del Rio;Monterenzio;Bologna;Emilia-Romagna;Bologna;Emilia-Romagna;C2;BO
Castel del Rio;Casola Valsenio;Bologna;Emilia-Romagna;Ravenna;Emilia-Romagna;C2;BO
Castel del Rio;Firenzuola;Bologna;Emilia-Romagna;Firenze;Toscana;C2;BO
Castel del Rio;Palazzuolo sul Senio;Bologna;Emilia-Romagna;Firenze;Toscana;C2;BO
Castel di Casio;Alto Reno Terme;Bologna;Emilia-Romagna;Bologna;Emilia-Romagna;C1;BO
Castel di Casio;Camugnano;Bologna;Emilia-Romagna;Bologna;Emilia-Romagna;C1;BO
Castel di Casio;Gaggio Montano;Bologna;Emilia-Romagna;Bologna;Emilia-Romagna;C1;BO
Castel di Casio;Grizzana Morandi;Bologna;Emilia-Romagna;Bologna;Emilia-Romagna;C1;BO
Castel di Casio;Sambuca Pistoiese;Bologna;Emilia-Romagna;Pistoia;Toscana;C1;BO
Castel Guelfo di Bologna;Castel San Pietro Terme;Bologna;Emilia-Romagna;Bologna;Emilia-Romagna;D1;BO
Castel Guelfo di Bologna;Dozza;Bologna;Emilia-Romagna;Bologna;Emilia-Romagna;D1;BO
Castel Guelfo di Bologna;Imola;Bologna;Emilia-Romagna;Bologna;Emilia-Romagna;D1;BO
Castel Guelfo di Bologna;Medicina;Bologna;Emilia-Romagna;Bologna;Emilia-Romagna;D1;BO
Castel Maggiore;Argelato;Bologna;Emilia-Romagna;Bologna;Emilia-Romagna;D1;BO
Castel Maggiore;Bentivoglio;Bologna;Emilia-Romagna;Bologna;Emilia-Romagna;D1;BO
Castel Maggiore;Bologna;Bologna;Emilia-Romagna;Bologna;Emilia-Romagna;D1;BO
Castel Maggiore;Calderara di Reno;Bologna;Emilia-Romagna;Bologna;Emilia-Romagna;D1;BO
Castel Maggiore;Granarolo dell'Emilia;Bologna;Emilia-Romagna;Bologna;Emilia-Romagna;D1;BO
Castel Maggiore;Sala Bolognese;Bologna;Emilia-Romagna;Bologna;Emilia-Romagna;D1;BO
Castel San Pietro Terme;Casalfiumanese;Bologna;Emilia-Romagna;Bologna;Emilia-Romagna;C2;BO
Castel San Pietro Terme;Castel Guelfo di Bologna;Bologna;Emilia-Romagna;Bologna;Emilia-Romagna;C2;BO
Castel San Pietro Terme;Dozza;Bologna;Emilia-Romagna;Bologna;Emilia-Romagna;C2;BO
Castel San Pietro Terme;Medicina;Bologna;Emilia-Romagna;Bologna;Emilia-Romagna;C2;BO
Castel San Pietro Terme;Monterenzio;Bologna;Emilia-Romagna;Bologna;Emilia-Romagna;C2;BO
Castel San Pietro Terme;Ozzano dell'Emilia;Bologna;Emilia-Romagna;Bologna;Emilia-Romagna;C2;BO
Castello d'Argile;Argelato;Bologna;Emilia-Romagna;Bologna;Emilia-Romagna;D1;BO
Castello d'Argile;Pieve di Cento;Bologna;Emilia-Romagna;Bologna;Emilia-Romagna;D1;BO
Castello d'Argile;Sala Bolognese;Bologna;Emilia-Romagna;Bologna;Emilia-Romagna;D1;BO
Castello d'Argile;San Giorgio di Piano;Bologna;Emilia-Romagna;Bologna;Emilia-Romagna;D1;BO
Castello d'Argile;San Giovanni in Persiceto;Bologna;Emilia-Romagna;Bologna;Emilia-Romagna;D1;BO
Castello d'Argile;San Pietro in Casale;Bologna;Emilia-Romagna;Bologna;Emilia-Romagna;D1;BO
Castello d'Argile;Cento;Bologna;Emilia-Romagna;Ferrara;Emilia-Romagna;D1;BO
Castenaso;Bologna;Bologna;Emilia-Romagna;Bologna;Emilia-Romagna;D1;BO
Castenaso;Budrio;Bologna;Emilia-Romagna;Bologna;Emilia-Romagna;D1;BO
Castenaso;Granarolo dell'Emilia;Bologna;Emilia-Romagna;Bologna;Emilia-Romagna;D1;BO
Castenaso;Ozzano dell'Emilia;Bologna;Emilia-Romagna;Bologna;Emilia-Romagna;D1;BO
Castenaso;San Lazzaro di Savena;Bologna;Emilia-Romagna;Bologna;Emilia-Romagna;D1;BO
Castiglione dei Pepoli;Camugnano;Bologna;Emilia-Romagna;Bologna;Emilia-Romagna;C1;BO
Castiglione dei Pepoli;Grizzana Morandi;Bologna;Emilia-Romagna;Bologna;Emilia-Romagna;C1;BO
Castiglione dei Pepoli;San Benedetto Val di Sambro;Bologna;Emilia-Romagna;Bologna;Emilia-Romagna;C1;BO
Castiglione dei Pepoli;Barberino di Mugello;Bologna;Emilia-Romagna;Firenze;Toscana;C1;BO
Castiglione dei Pepoli;Firenzuola;Bologna;Emilia-Romagna;Firenze;Toscana;C1;BO
Castiglione dei Pepoli;Vernio;Bologna;Emilia-Romagna;Verbano-Cusio-Ossola;Piemonte;C1;BO
Crevalcore;Camposanto;Bologna;Emilia-Romagna;Modena;Emilia-Romagna;F1;BO
Crevalcore;Finale Emilia;Bologna;Emilia-Romagna;Modena;Emilia-Romagna;F1;BO
Crevalcore;Nonantola;Bologna;Emilia-Romagna;Modena;Emilia-Romagna;F1;BO
Crevalcore;Ravarino;Bologna;Emilia-Romagna;Modena;Emilia-Romagna;F1;BO
Crevalcore;San Giovanni in Persiceto;Bologna;Emilia-Romagna;Bologna;Emilia-Romagna;F1;BO
Crevalcore;Sant'Agata Bolognese;Bologna;Emilia-Romagna;Bologna;Emilia-Romagna;F1;BO
Crevalcore;Cento;Bologna;Emilia-Romagna;Ferrara;Emilia-Romagna;F1;BO
Dozza;Casalfiumanese;Bologna;Emilia-Romagna;Bologna;Emilia-Romagna;C2;BO
Dozza;Castel Guelfo di Bologna;Bologna;Emilia-Romagna;Bologna;Emilia-Romagna;C2;BO
Dozza;Castel San Pietro Terme;Bologna;Emilia-Romagna;Bologna;Emilia-Romagna;C2;BO
Dozza;Imola;Bologna;Emilia-Romagna;Bologna;Emilia-Romagna;C2;BO
Fontanelice;Borgo Tossignano;Bologna;Emilia-Romagna;Bologna;Emilia-Romagna;C2;BO
Fontanelice;Casalfiumanese;Bologna;Emilia-Romagna;Bologna;Emilia-Romagna;C2;BO
Fontanelice;Castel del Rio;Bologna;Emilia-Romagna;Bologna;Emilia-Romagna;C2;BO
Fontanelice;Casola Valsenio;Bologna;Emilia-Romagna;Ravenna;Emilia-Romagna;C2;BO
Gaggio Montano;Montese;Bologna;Emilia-Romagna;Modena;Emilia-Romagna;C1;BO
Gaggio Montano;Alto Reno Terme;Bologna;Emilia-Romagna;Bologna;Emilia-Romagna;C1;BO
Gaggio Montano;Castel d'Aiano;Bologna;Emilia-Romagna;Bologna;Emilia-Romagna;C1;BO
Gaggio Montano;Castel di Casio;Bologna;Emilia-Romagna;Bologna;Emilia-Romagna;C1;BO
Gaggio Montano;Grizzana Morandi;Bologna;Emilia-Romagna;Bologna;Emilia-Romagna;C1;BO
Gaggio Montano;Lizzano in Belvedere;Bologna;Emilia-Romagna;Bologna;Emilia-Romagna;C1;BO
Gaggio Montano;Vergato;Bologna;Emilia-Romagna;Bologna;Emilia-Romagna;C1;BO
Galliera;Malalbergo;Bologna;Emilia-Romagna;Bologna;Emilia-Romagna;D1;BO
Galliera;Pieve di Cento;Bologna;Emilia-Romagna;Bologna;Emilia-Romagna;D1;BO
Galliera;San Pietro in Casale;Bologna;Emilia-Romagna;Bologna;Emilia-Romagna;D1;BO
Galliera;Poggio Renatico;Bologna;Emilia-Romagna;Ferrara;Emilia-Romagna;D1;BO
Galliera;Terre del Reno;Bologna;Emilia-Romagna;Ferrara;Emilia-Romagna;D1;BO
Granarolo dell'Emilia;Bentivoglio;Bologna;Emilia-Romagna;Bologna;Emilia-Romagna;D1;BO
Granarolo dell'Emilia;Bologna;Bologna;Emilia-Romagna;Bologna;Emilia-Romagna;D1;BO
Granarolo dell'Emilia;Budrio;Bologna;Emilia-Romagna;Bologna;Emilia-Romagna;D1;BO
Granarolo dell'Emilia;Castel Maggiore;Bologna;Emilia-Romagna;Bologna;Emilia-Romagna;D1;BO
Granarolo dell'Emilia;Castenaso;Bologna;Emilia-Romagna;Bologna;Emilia-Romagna;D1;BO
Granarolo dell'Emilia;Minerbio;Bologna;Emilia-Romagna;Bologna;Emilia-Romagna;D1;BO
Grizzana Morandi;Camugnano;Bologna;Emilia-Romagna;Bologna;Emilia-Romagna;C2;BO
Grizzana Morandi;Castel di Casio;Bologna;Emilia-Romagna;Bologna;Emilia-Romagna;C2;BO
Grizzana Morandi;Castiglione dei Pepoli;Bologna;Emilia-Romagna;Bologna;Emilia-Romagna;C2;BO
Grizzana Morandi;Gaggio Montano;Bologna;Emilia-Romagna;Bologna;Emilia-Romagna;C2;BO
Grizzana Morandi;Marzabotto;Bologna;Emilia-Romagna;Bologna;Emilia-Romagna;C2;BO
Grizzana Morandi;Monzuno;Bologna;Emilia-Romagna;Bologna;Emilia-Romagna;C2;BO
Grizzana Morandi;San Benedetto Val di Sambro;Bologna;Emilia-Romagna;Bologna;Emilia-Romagna;C2;BO
Grizzana Morandi;Vergato;Bologna;Emilia-Romagna;Bologna;Emilia-Romagna;C2;BO
Imola;Borgo Tossignano;Bologna;Emilia-Romagna;Bologna;Emilia-Romagna;C2;BO
Imola;Casalfiumanese;Bologna;Emilia-Romagna;Bologna;Emilia-Romagna;C2;BO
Imola;Castel Guelfo di Bologna;Bologna;Emilia-Romagna;Bologna;Emilia-Romagna;C2;BO
Imola;Dozza;Bologna;Emilia-Romagna;Bologna;Emilia-Romagna;C2;BO
Imola;Medicina;Bologna;Emilia-Romagna;Bologna;Emilia-Romagna;C2;BO
Imola;Mordano;Bologna;Emilia-Romagna;Bologna;Emilia-Romagna;C2;BO
Imola;Argenta;Bologna;Emilia-Romagna;Ferrara;Emilia-Romagna;C2;BO
Imola;Bagnara di Romagna;Bologna;Emilia-Romagna;Ravenna;Emilia-Romagna;C2;BO
Imola;Castel Bolognese;Bologna;Emilia-Romagna;Ravenna;Emilia-Romagna;C2;BO
Imola;Conselice;Bologna;Emilia-Romagna;Ravenna;Emilia-Romagna;C2;BO
Imola;Massa Lombarda;Bologna;Emilia-Romagna;Ravenna;Emilia-Romagna;C2;BO
Imola;Riolo Terme;Bologna;Emilia-Romagna;Ravenna;Emilia-Romagna;C2;BO
Imola;Solarolo;Bologna;Emilia-Romagna;Ravenna;Emilia-Romagna;C2;BO
Lizzano in Belvedere;Fanano;Bologna;Emilia-Romagna;Modena;Emilia-Romagna;C1;BO
Lizzano in Belvedere;Montese;Bologna;Emilia-Romagna;Modena;Emilia-Romagna;C1;BO
Lizzano in Belvedere;Sestola;Bologna;Emilia-Romagna;Modena;Emilia-Romagna;C1;BO
Lizzano in Belvedere;Alto Reno Terme;Bologna;Emilia-Romagna;Bologna;Emilia-Romagna;C1;BO
Lizzano in Belvedere;Gaggio Montano;Bologna;Emilia-Romagna;Bologna;Emilia-Romagna;C1;BO
Lizzano in Belvedere;Pistoia;Bologna;Emilia-Romagna;Pistoia;Toscana;C1;BO
Lizzano in Belvedere;San Marcello Piteglio;Bologna;Emilia-Romagna;Pistoia;Toscana;C1;BO
Loiano;Monghidoro;Bologna;Emilia-Romagna;Bologna;Emilia-Romagna;C2;BO
Loiano;Monterenzio;Bologna;Emilia-Romagna;Bologna;Emilia-Romagna;C2;BO
Loiano;Monzuno;Bologna;Emilia-Romagna;Bologna;Emilia-Romagna;C2;BO
Loiano;Pianoro;Bologna;Emilia-Romagna;Bologna;Emilia-Romagna;C2;BO
Malalbergo;Baricella;Bologna;Emilia-Romagna;Bologna;Emilia-Romagna;D1;BO
Malalbergo;Bentivoglio;Bologna;Emilia-Romagna;Bologna;Emilia-Romagna;D1;BO
Malalbergo;Galliera;Bologna;Emilia-Romagna;Bologna;Emilia-Romagna;D1;BO
Malalbergo;Minerbio;Bologna;Emilia-Romagna;Bologna;Emilia-Romagna;D1;BO
Malalbergo;San Pietro in Casale;Bologna;Emilia-Romagna;Bologna;Emilia-Romagna;D1;BO
Malalbergo;Poggio Renatico;Bologna;Emilia-Romagna;Ferrara;Emilia-Romagna;D1;BO
Marzabotto;Grizzana Morandi;Bologna;Emilia-Romagna;Bologna;Emilia-Romagna;C2;BO
Marzabotto;Monte San Pietro;Bologna;Emilia-Romagna;Bologna;Emilia-Romagna;C2;BO
Marzabotto;Monzuno;Bologna;Emilia-Romagna;Bologna;Emilia-Romagna;C2;BO
Marzabotto;Sasso Marconi;Bologna;Emilia-Romagna;Bologna;Emilia-Romagna;C2;BO
Marzabotto;Valsamoggia;Bologna;Emilia-Romagna;Bologna;Emilia-Romagna;C2;BO
Marzabotto;Vergato;Bologna;Emilia-Romagna;Bologna;Emilia-Romagna;C2;BO
Medicina;Budrio;Bologna;Emilia-Romagna;Bologna;Emilia-Romagna;D1;BO
Medicina;Castel Guelfo di Bologna;Bologna;Emilia-Romagna;Bologna;Emilia-Romagna;D1;BO
Medicina;Castel San Pietro Terme;Bologna;Emilia-Romagna;Bologna;Emilia-Romagna;D1;BO
Medicina;Imola;Bologna;Emilia-Romagna;Bologna;Emilia-Romagna;D1;BO
Medicina;Molinella;Bologna;Emilia-Romagna;Bologna;Emilia-Romagna;D1;BO
Medicina;Ozzano dell'Emilia;Bologna;Emilia-Romagna;Bologna;Emilia-Romagna;D1;BO
Medicina;Argenta;Bologna;Emilia-Romagna;Ferrara;Emilia-Romagna;D1;BO
Minerbio;Baricella;Bologna;Emilia-Romagna;Bologna;Emilia-Romagna;D1;BO
Minerbio;Bentivoglio;Bologna;Emilia-Romagna;Bologna;Emilia-Romagna;D1;BO
Minerbio;Budrio;Bologna;Emilia-Romagna;Bologna;Emilia-Romagna;D1;BO
Minerbio;Granarolo dell'Emilia;Bologna;Emilia-Romagna;Bologna;Emilia-Romagna;D1;BO
Minerbio;Malalbergo;Bologna;Emilia-Romagna;Bologna;Emilia-Romagna;D1;BO
Molinella;Baricella;Bologna;Emilia-Romagna;Bologna;Emilia-Romagna;D1;BO
Molinella;Budrio;Bologna;Emilia-Romagna;Bologna;Emilia-Romagna;D1;BO
Molinella;Medicina;Bologna;Emilia-Romagna;Bologna;Emilia-Romagna;D1;BO
Molinella;Argenta;Bologna;Emilia-Romagna;Ferrara;Emilia-Romagna;D1;BO
Monghidoro;Loiano;Bologna;Emilia-Romagna;Bologna;Emilia-Romagna;C1;BO
Monghidoro;Monterenzio;Bologna;Emilia-Romagna;Bologna;Emilia-Romagna;C1;BO
Monghidoro;Monzuno;Bologna;Emilia-Romagna;Bologna;Emilia-Romagna;C1;BO
Monghidoro;San Benedetto Val di Sambro;Bologna;Emilia-Romagna;Bologna;Emilia-Romagna;C1;BO
Monghidoro;Firenzuola;Bologna;Emilia-Romagna;Firenze;Toscana;C1;BO
Monte San Pietro;Marzabotto;Bologna;Emilia-Romagna;Bologna;Emilia-Romagna;C2;BO
Monte San Pietro;Sasso Marconi;Bologna;Emilia-Romagna;Bologna;Emilia-Romagna;C2;BO
Monte San Pietro;Valsamoggia;Bologna;Emilia-Romagna;Bologna;Emilia-Romagna;C2;BO
Monte San Pietro;Zola Predosa;Bologna;Emilia-Romagna;Bologna;Emilia-Romagna;C2;BO
Monterenzio;Casalfiumanese;Bologna;Emilia-Romagna;Bologna;Emilia-Romagna;C2;BO
Monterenzio;Castel del Rio;Bologna;Emilia-Romagna;Bologna;Emilia-Romagna;C2;BO
Monterenzio;Castel San Pietro Terme;Bologna;Emilia-Romagna;Bologna;Emilia-Romagna;C2;BO
Monterenzio;Loiano;Bologna;Emilia-Romagna;Bologna;Emilia-Romagna;C2;BO
Monterenzio;Monghidoro;Bologna;Emilia-Romagna;Bologna;Emilia-Romagna;C2;BO
Monterenzio;Ozzano dell'Emilia;Bologna;Emilia-Romagna;Bologna;Emilia-Romagna;C2;BO
Monterenzio;Pianoro;Bologna;Emilia-Romagna;Bologna;Emilia-Romagna;C2;BO
Monterenzio;Firenzuola;Bologna;Emilia-Romagna;Firenze;Toscana;C2;BO
Monzuno;Grizzana Morandi;Bologna;Emilia-Romagna;Bologna;Emilia-Romagna;C2;BO
Monzuno;Loiano;Bologna;Emilia-Romagna;Bologna;Emilia-Romagna;C2;BO
Monzuno;Marzabotto;Bologna;Emilia-Romagna;Bologna;Emilia-Romagna;C2;BO
Monzuno;Monghidoro;Bologna;Emilia-Romagna;Bologna;Emilia-Romagna;C2;BO
Monzuno;Pianoro;Bologna;Emilia-Romagna;Bologna;Emilia-Romagna;C2;BO
Monzuno;San Benedetto Val di Sambro;Bologna;Emilia-Romagna;Bologna;Emilia-Romagna;C2;BO
Monzuno;Sasso Marconi;Bologna;Emilia-Romagna;Bologna;Emilia-Romagna;C2;BO
Mordano;Imola;Bologna;Emilia-Romagna;Bologna;Emilia-Romagna;D1;BO
Mordano;Bagnara di Romagna;Bologna;Emilia-Romagna;Ravenna;Emilia-Romagna;D1;BO
Mordano;Lugo;Bologna;Emilia-Romagna;Ravenna;Emilia-Romagna;D1;BO
Mordano;Massa Lombarda;Bologna;Emilia-Romagna;Ravenna;Emilia-Romagna;D1;BO
Ozzano dell'Emilia;Budrio;Bologna;Emilia-Romagna;Bologna;Emilia-Romagna;C2;BO
Ozzano dell'Emilia;Castel San Pietro Terme;Bologna;Emilia-Romagna;Bologna;Emilia-Romagna;C2;BO
Ozzano dell'Emilia;Castenaso;Bologna;Emilia-Romagna;Bologna;Emilia-Romagna;C2;BO
Ozzano dell'Emilia;Medicina;Bologna;Emilia-Romagna;Bologna;Emilia-Romagna;C2;BO
Ozzano dell'Emilia;Monterenzio;Bologna;Emilia-Romagna;Bologna;Emilia-Romagna;C2;BO
Ozzano dell'Emilia;Pianoro;Bologna;Emilia-Romagna;Bologna;Emilia-Romagna;C2;BO
Ozzano dell'Emilia;San Lazzaro di Savena;Bologna;Emilia-Romagna;Bologna;Emilia-Romagna;C2;BO
Pianoro;Bologna;Bologna;Emilia-Romagna;Bologna;Emilia-Romagna;C2;BO
Pianoro;Loiano;Bologna;Emilia-Romagna;Bologna;Emilia-Romagna;C2;BO
Pianoro;Monterenzio;Bologna;Emilia-Romagna;Bologna;Emilia-Romagna;C2;BO
Pianoro;Monzuno;Bologna;Emilia-Romagna;Bologna;Emilia-Romagna;C2;BO
Pianoro;Ozzano dell'Emilia;Bologna;Emilia-Romagna;Bologna;Emilia-Romagna;C2;BO
Pianoro;San Lazzaro di Savena;Bologna;Emilia-Romagna;Bologna;Emilia-Romagna;C2;BO
Pianoro;Sasso Marconi;Bologna;Emilia-Romagna;Bologna;Emilia-Romagna;C2;BO
Pieve di Cento;Castello d'Argile;Bologna;Emilia-Romagna;Bologna;Emilia-Romagna;D1;BO
Pieve di Cento;Galliera;Bologna;Emilia-Romagna;Bologna;Emilia-Romagna;D1;BO
Pieve di Cento;San Pietro in Casale;Bologna;Emilia-Romagna;Bologna;Emilia-Romagna;D1;BO
Pieve di Cento;Cento;Bologna;Emilia-Romagna;Ferrara;Emilia-Romagna;D1;BO
Pieve di Cento;Terre del Reno;Bologna;Emilia-Romagna;Ferrara;Emilia-Romagna;D1;BO
Sala Bolognese;Anzola dell'Emilia;Bologna;Emilia-Romagna;Bologna;Emilia-Romagna;D1;BO
Sala Bolognese;Argelato;Bologna;Emilia-Romagna;Bologna;Emilia-Romagna;D1;BO
Sala Bolognese;Calderara di Reno;Bologna;Emilia-Romagna;Bologna;Emilia-Romagna;D1;BO
Sala Bolognese;Castel Maggiore;Bologna;Emilia-Romagna;Bologna;Emilia-Romagna;D1;BO
Sala Bolognese;Castello d'Argile;Bologna;Emilia-Romagna;Bologna;Emilia-Romagna;D1;BO
Sala Bolognese;San Giovanni in Persiceto;Bologna;Emilia-Romagna;Bologna;Emilia-Romagna;D1;BO
San Benedetto Val di Sambro;Castiglione dei Pepoli;Bologna;Emilia-Romagna;Bologna;Emilia-Romagna;C1;BO
San Benedetto Val di Sambro;Grizzana Morandi;Bologna;Emilia-Romagna;Bologna;Emilia-Romagna;C1;BO
San Benedetto Val di Sambro;Monghidoro;Bologna;Emilia-Romagna;Bologna;Emilia-Romagna;C1;BO
San Benedetto Val di Sambro;Monzuno;Bologna;Emilia-Romagna;Bologna;Emilia-Romagna;C1;BO
San Benedetto Val di Sambro;Firenzuola;Bologna;Emilia-Romagna;Firenze;Toscana;C1;BO
San Giorgio di Piano;Argelato;Bologna;Emilia-Romagna;Bologna;Emilia-Romagna;D1;BO
San Giorgio di Piano;Bentivoglio;Bologna;Emilia-Romagna;Bologna;Emilia-Romagna;D1;BO
San Giorgio di Piano;Castello d'Argile;Bologna;Emilia-Romagna;Bologna;Emilia-Romagna;D1;BO
San Giorgio di Piano;San Pietro in Casale;Bologna;Emilia-Romagna;Bologna;Emilia-Romagna;D1;BO
San Giovanni in Persiceto;Castelfranco Emilia;Bologna;Emilia-Romagna;Modena;Emilia-Romagna;D1;BO
San Giovanni in Persiceto;Anzola dell'Emilia;Bologna;Emilia-Romagna;Bologna;Emilia-Romagna;D1;BO
San Giovanni in Persiceto;Castello d'Argile;Bologna;Emilia-Romagna;Bologna;Emilia-Romagna;D1;BO
San Giovanni in Persiceto;Crevalcore;Bologna;Emilia-Romagna;Bologna;Emilia-Romagna;D1;BO
San Giovanni in Persiceto;Sala Bolognese;Bologna;Emilia-Romagna;Bologna;Emilia-Romagna;D1;BO
San Giovanni in Persiceto;Sant'Agata Bolognese;Bologna;Emilia-Romagna;Bologna;Emilia-Romagna;D1;BO
San Giovanni in Persiceto;Cento;Bologna;Emilia-Romagna;Ferrara;Emilia-Romagna;D1;BO
San Lazzaro di Savena;Bologna;Bologna;Emilia-Romagna;Bologna;Emilia-Romagna;C2;BO
San Lazzaro di Savena;Castenaso;Bologna;Emilia-Romagna;Bologna;Emilia-Romagna;C2;BO
San Lazzaro di Savena;Ozzano dell'Emilia;Bologna;Emilia-Romagna;Bologna;Emilia-Romagna;C2;BO
San Lazzaro di Savena;Pianoro;Bologna;Emilia-Romagna;Bologna;Emilia-Romagna;C2;BO
San Pietro in Casale;Bentivoglio;Bologna;Emilia-Romagna;Bologna;Emilia-Romagna;D1;BO
San Pietro in Casale;Castello d'Argile;Bologna;Emilia-Romagna;Bologna;Emilia-Romagna;D1;BO
San Pietro in Casale;Galliera;Bologna;Emilia-Romagna;Bologna;Emilia-Romagna;D1;BO
San Pietro in Casale;Malalbergo;Bologna;Emilia-Romagna;Bologna;Emilia-Romagna;D1;BO
San Pietro in Casale;Pieve di Cento;Bologna;Emilia-Romagna;Bologna;Emilia-Romagna;D1;BO
San Pietro in Casale;San Giorgio di Piano;Bologna;Emilia-Romagna;Bologna;Emilia-Romagna;D1;BO
Sant'Agata Bolognese;Castelfranco Emilia;Bologna;Emilia-Romagna;Modena;Emilia-Romagna;D1;BO
Sant'Agata Bolognese;Nonantola;Bologna;Emilia-Romagna;Modena;Emilia-Romagna;D1;BO
Sant'Agata Bolognese;Crevalcore;Bologna;Emilia-Romagna;Bologna;Emilia-Romagna;D1;BO
Sant'Agata Bolognese;San Giovanni in Persiceto;Bologna;Emilia-Romagna;Bologna;Emilia-Romagna;D1;BO
Sasso Marconi;Bologna;Bologna;Emilia-Romagna;Bologna;Emilia-Romagna;C2;BO
Sasso Marconi;Casalecchio di Reno;Bologna;Emilia-Romagna;Bologna;Emilia-Romagna;C2;BO
Sasso Marconi;Marzabotto;Bologna;Emilia-Romagna;Bologna;Emilia-Romagna;C2;BO
Sasso Marconi;Monte San Pietro;Bologna;Emilia-Romagna;Bologna;Emilia-Romagna;C2;BO
Sasso Marconi;Monzuno;Bologna;Emilia-Romagna;Bologna;Emilia-Romagna;C2;BO
Sasso Marconi;Pianoro;Bologna;Emilia-Romagna;Bologna;Emilia-Romagna;C2;BO
Sasso Marconi;Zola Predosa;Bologna;Emilia-Romagna;Bologna;Emilia-Romagna;C2;BO
Valsamoggia;Castelfranco Emilia;Bologna;Emilia-Romagna;Modena;Emilia-Romagna;C2;BO
Valsamoggia;Guiglia;Bologna;Emilia-Romagna;Modena;Emilia-Romagna;C2;BO
Valsamoggia;San Cesario sul Panaro;Bologna;Emilia-Romagna;Modena;Emilia-Romagna;C2;BO
Valsamoggia;Savignano sul Panaro;Bologna;Emilia-Romagna;Modena;Emilia-Romagna;C2;BO
Valsamoggia;Zocca;Bologna;Emilia-Romagna;Modena;Emilia-Romagna;C2;BO
Valsamoggia;Anzola dell'Emilia;Bologna;Emilia-Romagna;Bologna;Emilia-Romagna;C2;BO
Valsamoggia;Marzabotto;Bologna;Emilia-Romagna;Bologna;Emilia-Romagna;C2;BO
Valsamoggia;Monte San Pietro;Bologna;Emilia-Romagna;Bologna;Emilia-Romagna;C2;BO
Valsamoggia;Vergato;Bologna;Emilia-Romagna;Bologna;Emilia-Romagna;C2;BO
Valsamoggia;Zola Predosa;Bologna;Emilia-Romagna;Bologna;Emilia-Romagna;C2;BO
Vergato;Zocca;Bologna;Emilia-Romagna;Modena;Emilia-Romagna;C2;BO
Vergato;Castel d'Aiano;Bologna;Emilia-Romagna;Bologna;Emilia-Romagna;C2;BO
Vergato;Gaggio Montano;Bologna;Emilia-Romagna;Bologna;Emilia-Romagna;C2;BO
Vergato;Grizzana Morandi;Bologna;Emilia-Romagna;Bologna;Emilia-Romagna;C2;BO
Vergato;Marzabotto;Bologna;Emilia-Romagna;Bologna;Emilia-Romagna;C2;BO
Vergato;Valsamoggia;Bologna;Emilia-Romagna;Bologna;Emilia-Romagna;C2;BO
Zola Predosa;Anzola dell'Emilia;Bologna;Emilia-Romagna;Bologna;Emilia-Romagna;C2;BO
Zola Predosa;Bologna;Bologna;Emilia-Romagna;Bologna;Emilia-Romagna;C2;BO
Zola Predosa;Casalecchio di Reno;Bologna;Emilia-Romagna;Bologna;Emilia-Romagna;C2;BO
Zola Predosa;Monte San Pietro;Bologna;Emilia-Romagna;Bologna;Emilia-Romagna;C2;BO
Zola Predosa;Sasso Marconi;Bologna;Emilia-Romagna;Bologna;Emilia-Romagna;C2;BO
Zola Predosa;Valsamoggia;Bologna;Emilia-Romagna;Bologna;Emilia-Romagna;C2;BO
Argenta;Baricella;Ferrara;Emilia-Romagna;Bologna;Emilia-Romagna;D1;FE
Argenta;Imola;Ferrara;Emilia-Romagna;Bologna;Emilia-Romagna;D1;FE
Argenta;Medicina;Ferrara;Emilia-Romagna;Bologna;Emilia-Romagna;D1;FE
Argenta;Molinella;Ferrara;Emilia-Romagna;Bologna;Emilia-Romagna;D1;FE
Argenta;Comacchio;Ferrara;Emilia-Romagna;Ferrara;Emilia-Romagna;D1;FE
Argenta;Ferrara;Ferrara;Emilia-Romagna;Ferrara;Emilia-Romagna;D1;FE
Argenta;Portomaggiore;Ferrara;Emilia-Romagna;Ferrara;Emilia-Romagna;D1;FE
Argenta;Voghiera;Ferrara;Emilia-Romagna;Ferrara;Emilia-Romagna;D1;FE
Argenta;Alfonsine;Ferrara;Emilia-Romagna;Ravenna;Emilia-Romagna;D1;FE
Argenta;Conselice;Ferrara;Emilia-Romagna;Ravenna;Emilia-Romagna;D1;FE
Argenta;Ravenna;Ferrara;Emilia-Romagna;Ravenna;Emilia-Romagna;D1;FE
Bondeno;Sermide e Felonica;Ferrara;Emilia-Romagna;Mantova;Lombardia;D3;FE
Bondeno;Ficarolo;Ferrara;Emilia-Romagna;Rovigo;Veneto;D3;FE
Bondeno;Finale Emilia;Ferrara;Emilia-Romagna;Modena;Emilia-Romagna;D3;FE
Bondeno;Mirandola;Ferrara;Emilia-Romagna;Modena;Emilia-Romagna;D3;FE
Bondeno;Cento;Ferrara;Emilia-Romagna;Ferrara;Emilia-Romagna;D3;FE
Bondeno;Ferrara;Ferrara;Emilia-Romagna;Ferrara;Emilia-Romagna;D3;FE
Bondeno;Terre del Reno;Ferrara;Emilia-Romagna;Ferrara;Emilia-Romagna;D3;FE
Bondeno;Vigarano Mainarda;Ferrara;Emilia-Romagna;Ferrara;Emilia-Romagna;D3;FE
Cento;Finale Emilia;Ferrara;Emilia-Romagna;Modena;Emilia-Romagna;D1;FE
Cento;Castello d'Argile;Ferrara;Emilia-Romagna;Bologna;Emilia-Romagna;D1;FE
Cento;Crevalcore;Ferrara;Emilia-Romagna;Bologna;Emilia-Romagna;D1;FE
Cento;Pieve di Cento;Ferrara;Emilia-Romagna;Bologna;Emilia-Romagna;D1;FE
Cento;San Giovanni in Persiceto;Ferrara;Emilia-Romagna;Bologna;Emilia-Romagna;D1;FE
Cento;Bondeno;Ferrara;Emilia-Romagna;Ferrara;Emilia-Romagna;D1;FE
Cento;Terre del Reno;Ferrara;Emilia-Romagna;Ferrara;Emilia-Romagna;D1;FE
Codigoro;Comacchio;Ferrara;Emilia-Romagna;Ferrara;Emilia-Romagna;D2;FE
Codigoro;Fiscaglia;Ferrara;Emilia-Romagna;Ferrara;Emilia-Romagna;D2;FE
Codigoro;Goro;Ferrara;Emilia-Romagna;Ferrara;Emilia-Romagna;D2;FE
Codigoro;Jolanda di Savoia;Ferrara;Emilia-Romagna;Ferrara;Emilia-Romagna;D2;FE
Codigoro;Lagosanto;Ferrara;Emilia-Romagna;Ferrara;Emilia-Romagna;D2;FE
Codigoro;Mesola;Ferrara;Emilia-Romagna;Ferrara;Emilia-Romagna;D2;FE
Codigoro;Riva del Po;Ferrara;Emilia-Romagna;Ferrara;Emilia-Romagna;D2;FE
Comacchio;Argenta;Ferrara;Emilia-Romagna;Ferrara;Emilia-Romagna;D2;FE
Comacchio;Codigoro;Ferrara;Emilia-Romagna;Ferrara;Emilia-Romagna;D2;FE
Comacchio;Lagosanto;Ferrara;Emilia-Romagna;Ferrara;Emilia-Romagna;D2;FE
Comacchio;Ostellato;Ferrara;Emilia-Romagna;Ferrara;Emilia-Romagna;D2;FE
Comacchio;Portomaggiore;Ferrara;Emilia-Romagna;Ferrara;Emilia-Romagna;D2;FE
Comacchio;Ravenna;Ferrara;Emilia-Romagna;Ravenna;Emilia-Romagna;D2;FE
Copparo;Ferrara;Ferrara;Emilia-Romagna;Ferrara;Emilia-Romagna;D3;FE
Copparo;Jolanda di Savoia;Ferrara;Emilia-Romagna;Ferrara;Emilia-Romagna;D3;FE
Copparo;Riva del Po;Ferrara;Emilia-Romagna;Ferrara;Emilia-Romagna;D3;FE
Copparo;Tresignana;Ferrara;Emilia-Romagna;Ferrara;Emilia-Romagna;D3;FE
Ferrara;Canaro;Ferrara;Emilia-Romagna;Rovigo;Veneto;D3;FE
Ferrara;Ficarolo;Ferrara;Emilia-Romagna;Rovigo;Veneto;D3;FE
Ferrara;Gaiba;Ferrara;Emilia-Romagna;Rovigo;Veneto;D3;FE
Ferrara;Occhiobello;Ferrara;Emilia-Romagna;Rovigo;Veneto;D3;FE
Ferrara;Stienta;Ferrara;Emilia-Romagna;Rovigo;Veneto;D3;FE
Ferrara;Baricella;Ferrara;Emilia-Romagna;Bologna;Emilia-Romagna;D3;FE
Ferrara;Argenta;Ferrara;Emilia-Romagna;Ferrara;Emilia-Romagna;D3;FE
Ferrara;Bondeno;Ferrara;Emilia-Romagna;Ferrara;Emilia-Romagna;D3;FE
Ferrara;Copparo;Ferrara;Emilia-Romagna;Ferrara;Emilia-Romagna;D3;FE
Ferrara;Masi Torello;Ferrara;Emilia-Romagna;Ferrara;Emilia-Romagna;D3;FE
Ferrara;Ostellato;Ferrara;Emilia-Romagna;Ferrara;Emilia-Romagna;D3;FE
Ferrara;Poggio Renatico;Ferrara;Emilia-Romagna;Ferrara;Emilia-Romagna;D3;FE
Ferrara;Riva del Po;Ferrara;Emilia-Romagna;Ferrara;Emilia-Romagna;D3;FE
Ferrara;Tresignana;Ferrara;Emilia-Romagna;Ferrara;Emilia-Romagna;D3;FE
Ferrara;Vigarano Mainarda;Ferrara;Emilia-Romagna;Ferrara;Emilia-Romagna;D3;FE
Ferrara;Voghiera;Ferrara;Emilia-Romagna;Ferrara;Emilia-Romagna;D3;FE
Fiscaglia;Codigoro;Ferrara;Emilia-Romagna;Ferrara;Emilia-Romagna;D3;FE
Fiscaglia;Jolanda di Savoia;Ferrara;Emilia-Romagna;Ferrara;Emilia-Romagna;D3;FE
Fiscaglia;Lagosanto;Ferrara;Emilia-Romagna;Ferrara;Emilia-Romagna;D3;FE
Fiscaglia;Ostellato;Ferrara;Emilia-Romagna;Ferrara;Emilia-Romagna;D3;FE
Fiscaglia;Tresignana;Ferrara;Emilia-Romagna;Ferrara;Emilia-Romagna;D3;FE
Goro;Ariano nel Polesine;Ferrara;Emilia-Romagna;Rovigo;Veneto;D2;FE
Goro;Codigoro;Ferrara;Emilia-Romagna;Ferrara;Emilia-Romagna;D2;FE
Goro;Mesola;Ferrara;Emilia-Romagna;Ferrara;Emilia-Romagna;D2;FE
Jolanda di Savoia;Codigoro;Ferrara;Emilia-Romagna;Ferrara;Emilia-Romagna;D3;FE
Jolanda di Savoia;Copparo;Ferrara;Emilia-Romagna;Ferrara;Emilia-Romagna;D3;FE
Jolanda di Savoia;Fiscaglia;Ferrara;Emilia-Romagna;Ferrara;Emilia-Romagna;D3;FE
Jolanda di Savoia;Riva del Po;Ferrara;Emilia-Romagna;Ferrara;Emilia-Romagna;D3;FE
Jolanda di Savoia;Tresignana;Ferrara;Emilia-Romagna;Ferrara;Emilia-Romagna;D3;FE
Lagosanto;Codigoro;Ferrara;Emilia-Romagna;Ferrara;Emilia-Romagna;D3;FE
Lagosanto;Comacchio;Ferrara;Emilia-Romagna;Ferrara;Emilia-Romagna;D3;FE
Lagosanto;Fiscaglia;Ferrara;Emilia-Romagna;Ferrara;Emilia-Romagna;D3;FE
Lagosanto;Ostellato;Ferrara;Emilia-Romagna;Ferrara;Emilia-Romagna;D3;FE
Masi Torello;Ferrara;Ferrara;Emilia-Romagna;Ferrara;Emilia-Romagna;D3;FE
Masi Torello;Ostellato;Ferrara;Emilia-Romagna;Ferrara;Emilia-Romagna;D3;FE
Masi Torello;Portomaggiore;Ferrara;Emilia-Romagna;Ferrara;Emilia-Romagna;D3;FE
Masi Torello;Voghiera;Ferrara;Emilia-Romagna;Ferrara;Emilia-Romagna;D3;FE
Mesola;Ariano nel Polesine;Ferrara;Emilia-Romagna;Rovigo;Veneto;D2;FE
Mesola;Codigoro;Ferrara;Emilia-Romagna;Ferrara;Emilia-Romagna;D2;FE
Mesola;Goro;Ferrara;Emilia-Romagna;Ferrara;Emilia-Romagna;D2;FE
Mesola;Riva del Po;Ferrara;Emilia-Romagna;Ferrara;Emilia-Romagna;D2;FE
Ostellato;Comacchio;Ferrara;Emilia-Romagna;Ferrara;Emilia-Romagna;D3;FE
Ostellato;Ferrara;Ferrara;Emilia-Romagna;Ferrara;Emilia-Romagna;D3;FE
Ostellato;Fiscaglia;Ferrara;Emilia-Romagna;Ferrara;Emilia-Romagna;D3;FE
Ostellato;Lagosanto;Ferrara;Emilia-Romagna;Ferrara;Emilia-Romagna;D3;FE
Ostellato;Masi Torello;Ferrara;Emilia-Romagna;Ferrara;Emilia-Romagna;D3;FE
Ostellato;Portomaggiore;Ferrara;Emilia-Romagna;Ferrara;Emilia-Romagna;D3;FE
Ostellato;Tresignana;Ferrara;Emilia-Romagna;Ferrara;Emilia-Romagna;D3;FE
Poggio Renatico;Baricella;Ferrara;Emilia-Romagna;Bologna;Emilia-Romagna;D1;FE
Poggio Renatico;Galliera;Ferrara;Emilia-Romagna;Bologna;Emilia-Romagna;D1;FE
Poggio Renatico;Malalbergo;Ferrara;Emilia-Romagna;Bologna;Emilia-Romagna;D1;FE
Poggio Renatico;Ferrara;Ferrara;Emilia-Romagna;Ferrara;Emilia-Romagna;D1;FE
Poggio Renatico;Terre del Reno;Ferrara;Emilia-Romagna;Ferrara;Emilia-Romagna;D1;FE
Poggio Renatico;Vigarano Mainarda;Ferrara;Emilia-Romagna;Ferrara;Emilia-Romagna;D1;FE
Portomaggiore;Argenta;Ferrara;Emilia-Romagna;Ferrara;Emilia-Romagna;D3;FE
Portomaggiore;Comacchio;Ferrara;Emilia-Romagna;Ferrara;Emilia-Romagna;D3;FE
Portomaggiore;Masi Torello;Ferrara;Emilia-Romagna;Ferrara;Emilia-Romagna;D3;FE
Portomaggiore;Ostellato;Ferrara;Emilia-Romagna;Ferrara;Emilia-Romagna;D3;FE
Portomaggiore;Voghiera;Ferrara;Emilia-Romagna;Ferrara;Emilia-Romagna;D3;FE
Riva del Po;Ariano nel Polesine;Ferrara;Emilia-Romagna;Rovigo;Veneto;D3;FE
Riva del Po;Canaro;Ferrara;Emilia-Romagna;Rovigo;Veneto;D3;FE
Riva del Po;Crespino;Ferrara;Emilia-Romagna;Rovigo;Veneto;D3;FE
Riva del Po;Guarda Veneta;Ferrara;Emilia-Romagna;Rovigo;Veneto;D3;FE
Riva del Po;Papozze;Ferrara;Emilia-Romagna;Rovigo;Veneto;D3;FE
Riva del Po;Polesella;Ferrara;Emilia-Romagna;Rovigo;Veneto;D3;FE
Riva del Po;Villanova Marchesana;Ferrara;Emilia-Romagna;Rovigo;Veneto;D3;FE
Riva del Po;Codigoro;Ferrara;Emilia-Romagna;Ferrara;Emilia-Romagna;D3;FE
Riva del Po;Copparo;Ferrara;Emilia-Romagna;Ferrara;Emilia-Romagna;D3;FE
Riva del Po;Ferrara;Ferrara;Emilia-Romagna;Ferrara;Emilia-Romagna;D3;FE
Riva del Po;Jolanda di Savoia;Ferrara;Emilia-Romagna;Ferrara;Emilia-Romagna;D3;FE
Riva del Po;Mesola;Ferrara;Emilia-Romagna;Ferrara;Emilia-Romagna;D3;FE
Terre del Reno;Galliera;Ferrara;Emilia-Romagna;Bologna;Emilia-Romagna;D1;FE
Terre del Reno;Pieve di Cento;Ferrara;Emilia-Romagna;Bologna;Emilia-Romagna;D1;FE
Terre del Reno;Bondeno;Ferrara;Emilia-Romagna;Ferrara;Emilia-Romagna;D1;FE
Terre del Reno;Cento;Ferrara;Emilia-Romagna;Ferrara;Emilia-Romagna;D1;FE
Terre del Reno;Poggio Renatico;Ferrara;Emilia-Romagna;Ferrara;Emilia-Romagna;D1;FE
Terre del Reno;Vigarano Mainarda;Ferrara;Emilia-Romagna;Ferrara;Emilia-Romagna;D1;FE
Tresignana;Copparo;Ferrara;Emilia-Romagna;Ferrara;Emilia-Romagna;D3;FE
Tresignana;Ferrara;Ferrara;Emilia-Romagna;Ferrara;Emilia-Romagna;D3;FE
Tresignana;Fiscaglia;Ferrara;Emilia-Romagna;Ferrara;Emilia-Romagna;D3;FE
Tresignana;Jolanda di Savoia;Ferrara;Emilia-Romagna;Ferrara;Emilia-Romagna;D3;FE
Tresignana;Ostellato;Ferrara;Emilia-Romagna;Ferrara;Emilia-Romagna;D3;FE
Vigarano Mainarda;Bondeno;Ferrara;Emilia-Romagna;Ferrara;Emilia-Romagna;D3;FE
Vigarano Mainarda;Ferrara;Ferrara;Emilia-Romagna;Ferrara;Emilia-Romagna;D3;FE
Vigarano Mainarda;Poggio Renatico;Ferrara;Emilia-Romagna;Ferrara;Emilia-Romagna;D3;FE
Vigarano Mainarda;Terre del Reno;Ferrara;Emilia-Romagna;Ferrara;Emilia-Romagna;D3;FE
Voghiera;Argenta;Ferrara;Emilia-Romagna;Ferrara;Emilia-Romagna;D3;FE
Voghiera;Ferrara;Ferrara;Emilia-Romagna;Ferrara;Emilia-Romagna;D3;FE
Voghiera;Masi Torello;Ferrara;Emilia-Romagna;Ferrara;Emilia-Romagna;D3;FE
Voghiera;Portomaggiore;Ferrara;Emilia-Romagna;Ferrara;Emilia-Romagna;D3;FE
Alfonsine;Argenta;Ravenna;Emilia-Romagna;Ferrara;Emilia-Romagna;D1;RA
Alfonsine;Bagnacavallo;Ravenna;Emilia-Romagna;Ravenna;Emilia-Romagna;D1;RA
Alfonsine;Conselice;Ravenna;Emilia-Romagna;Ravenna;Emilia-Romagna;D1;RA
Alfonsine;Fusignano;Ravenna;Emilia-Romagna;Ravenna;Emilia-Romagna;D1;RA
Alfonsine;Lugo;Ravenna;Emilia-Romagna;Ravenna;Emilia-Romagna;D1;RA
Alfonsine;Ravenna;Ravenna;Emilia-Romagna;Ravenna;Emilia-Romagna;D1;RA
Bagnacavallo;Alfonsine;Ravenna;Emilia-Romagna;Ravenna;Emilia-Romagna;D1;RA
Bagnacavallo;Cotignola;Ravenna;Emilia-Romagna;Ravenna;Emilia-Romagna;D1;RA
Bagnacavallo;Faenza;Ravenna;Emilia-Romagna;Ravenna;Emilia-Romagna;D1;RA
Bagnacavallo;Fusignano;Ravenna;Emilia-Romagna;Ravenna;Emilia-Romagna;D1;RA
Bagnacavallo;Lugo;Ravenna;Emilia-Romagna;Ravenna;Emilia-Romagna;D1;RA
Bagnacavallo;Ravenna;Ravenna;Emilia-Romagna;Ravenna;Emilia-Romagna;D1;RA
Bagnacavallo;Russi;Ravenna;Emilia-Romagna;Ravenna;Emilia-Romagna;D1;RA
Bagnara di Romagna;Imola;Ravenna;Emilia-Romagna;Bologna;Emilia-Romagna;D1;RA
Bagnara di Romagna;Mordano;Ravenna;Emilia-Romagna;Bologna;Emilia-Romagna;D1;RA
Bagnara di Romagna;Cotignola;Ravenna;Emilia-Romagna;Ravenna;Emilia-Romagna;D1;RA
Bagnara di Romagna;Lugo;Ravenna;Emilia-Romagna;Ravenna;Emilia-Romagna;D1;RA
Bagnara di Romagna;Solarolo;Ravenna;Emilia-Romagna;Ravenna;Emilia-Romagna;D1;RA
Brisighella;Casola Valsenio;Ravenna;Emilia-Romagna;Ravenna;Emilia-Romagna;A2;RA
Brisighella;Faenza;Ravenna;Emilia-Romagna;Ravenna;Emilia-Romagna;A2;RA
Brisighella;Riolo Terme;Ravenna;Emilia-Romagna;Ravenna;Emilia-Romagna;A2;RA
Brisighella;Castrocaro Terme e Terra del Sole;Ravenna;Emilia-Romagna;Forl-Cesena;Emilia-Romagna;A2;RA
Brisighella;Forl;Ravenna;Emilia-Romagna;Forl-Cesena;Emilia-Romagna;A2;RA
Brisighella;Modigliana;Ravenna;Emilia-Romagna;Forl-Cesena;Emilia-Romagna;A2;RA
Brisighella;Marradi;Ravenna;Emilia-Romagna;Firenze;Toscana;A2;RA
Brisighella;Palazzuolo sul Senio;Ravenna;Emilia-Romagna;Firenze;Toscana;A2;RA
Casola Valsenio;Borgo Tossignano;Ravenna;Emilia-Romagna;Bologna;Emilia-Romagna;C2;RA
Casola Valsenio;Castel del Rio;Ravenna;Emilia-Romagna;Bologna;Emilia-Romagna;C2;RA
Casola Valsenio;Fontanelice;Ravenna;Emilia-Romagna;Bologna;Emilia-Romagna;C2;RA
Casola Valsenio;Brisighella;Ravenna;Emilia-Romagna;Ravenna;Emilia-Romagna;C2;RA
Casola Valsenio;Riolo Terme;Ravenna;Emilia-Romagna;Ravenna;Emilia-Romagna;C2;RA
Casola Valsenio;Palazzuolo sul Senio;Ravenna;Emilia-Romagna;Firenze;Toscana;C2;RA
Castel Bolognese;Imola;Ravenna;Emilia-Romagna;Bologna;Emilia-Romagna;C2;RA
Castel Bolognese;Faenza;Ravenna;Emilia-Romagna;Ravenna;Emilia-Romagna;C2;RA
Castel Bolognese;Riolo Terme;Ravenna;Emilia-Romagna;Ravenna;Emilia-Romagna;C2;RA
Castel Bolognese;Solarolo;Ravenna;Emilia-Romagna;Ravenna;Emilia-Romagna;C2;RA
Cervia;Ravenna;Ravenna;Emilia-Romagna;Ravenna;Emilia-Romagna;B2;RA
Cervia;Cesena;Ravenna;Emilia-Romagna;Forl-Cesena;Emilia-Romagna;B2;RA
Cervia;Cesenatico;Ravenna;Emilia-Romagna;Forl-Cesena;Emilia-Romagna;B2;RA
Conselice;Imola;Ravenna;Emilia-Romagna;Bologna;Emilia-Romagna;D1;RA
Conselice;Argenta;Ravenna;Emilia-Romagna;Ferrara;Emilia-Romagna;D1;RA
Conselice;Alfonsine;Ravenna;Emilia-Romagna;Ravenna;Emilia-Romagna;D1;RA
Conselice;Lugo;Ravenna;Emilia-Romagna;Ravenna;Emilia-Romagna;D1;RA
Conselice;Massa Lombarda;Ravenna;Emilia-Romagna;Ravenna;Emilia-Romagna;D1;RA
Cotignola;Bagnacavallo;Ravenna;Emilia-Romagna;Ravenna;Emilia-Romagna;D1;RA
Cotignola;Bagnara di Romagna;Ravenna;Emilia-Romagna;Ravenna;Emilia-Romagna;D1;RA
Cotignola;Faenza;Ravenna;Emilia-Romagna;Ravenna;Emilia-Romagna;D1;RA
Cotignola;Lugo;Ravenna;Emilia-Romagna;Ravenna;Emilia-Romagna;D1;RA
Cotignola;Solarolo;Ravenna;Emilia-Romagna;Ravenna;Emilia-Romagna;D1;RA
Faenza;Bagnacavallo;Ravenna;Emilia-Romagna;Ravenna;Emilia-Romagna;B1;RA
Faenza;Brisighella;Ravenna;Emilia-Romagna;Ravenna;Emilia-Romagna;B1;RA
Faenza;Castel Bolognese;Ravenna;Emilia-Romagna;Ravenna;Emilia-Romagna;B1;RA
Faenza;Cotignola;Ravenna;Emilia-Romagna;Ravenna;Emilia-Romagna;B1;RA
Faenza;Riolo Terme;Ravenna;Emilia-Romagna;Ravenna;Emilia-Romagna;B1;RA
Faenza;Russi;Ravenna;Emilia-Romagna;Ravenna;Emilia-Romagna;B1;RA
Faenza;Solarolo;Ravenna;Emilia-Romagna;Ravenna;Emilia-Romagna;B1;RA
Faenza;Forl;Ravenna;Emilia-Romagna;Forl-Cesena;Emilia-Romagna;B1;RA
Fusignano;Alfonsine;Ravenna;Emilia-Romagna;Ravenna;Emilia-Romagna;D1;RA
Fusignano;Bagnacavallo;Ravenna;Emilia-Romagna;Ravenna;Emilia-Romagna;D1;RA
Fusignano;Lugo;Ravenna;Emilia-Romagna;Ravenna;Emilia-Romagna;D1;RA
Lugo;Mordano;Ravenna;Emilia-Romagna;Bologna;Emilia-Romagna;D1;RA
Lugo;Alfonsine;Ravenna;Emilia-Romagna;Ravenna;Emilia-Romagna;D1;RA
Lugo;Bagnacavallo;Ravenna;Emilia-Romagna;Ravenna;Emilia-Romagna;D1;RA
Lugo;Bagnara di Romagna;Ravenna;Emilia-Romagna;Ravenna;Emilia-Romagna;D1;RA
Lugo;Conselice;Ravenna;Emilia-Romagna;Ravenna;Emilia-Romagna;D1;RA
Lugo;Cotignola;Ravenna;Emilia-Romagna;Ravenna;Emilia-Romagna;D1;RA
Lugo;Fusignano;Ravenna;Emilia-Romagna;Ravenna;Emilia-Romagna;D1;RA
Lugo;Massa Lombarda;Ravenna;Emilia-Romagna;Ravenna;Emilia-Romagna;D1;RA
Lugo;Sant'Agata sul Santerno;Ravenna;Emilia-Romagna;Ravenna;Emilia-Romagna;D1;RA
Massa Lombarda;Imola;Ravenna;Emilia-Romagna;Bologna;Emilia-Romagna;D1;RA
Massa Lombarda;Mordano;Ravenna;Emilia-Romagna;Bologna;Emilia-Romagna;D1;RA
Massa Lombarda;Conselice;Ravenna;Emilia-Romagna;Ravenna;Emilia-Romagna;D1;RA
Massa Lombarda;Lugo;Ravenna;Emilia-Romagna;Ravenna;Emilia-Romagna;D1;RA
Massa Lombarda;Sant'Agata sul Santerno;Ravenna;Emilia-Romagna;Ravenna;Emilia-Romagna;D1;RA
Ravenna;Argenta;Ravenna;Emilia-Romagna;Ferrara;Emilia-Romagna;B2;RA
Ravenna;Comacchio;Ravenna;Emilia-Romagna;Ferrara;Emilia-Romagna;B2;RA
Ravenna;Alfonsine;Ravenna;Emilia-Romagna;Ravenna;Emilia-Romagna;B2;RA
Ravenna;Bagnacavallo;Ravenna;Emilia-Romagna;Ravenna;Emilia-Romagna;B2;RA
Ravenna;Cervia;Ravenna;Emilia-Romagna;Ravenna;Emilia-Romagna;B2;RA
Ravenna;Russi;Ravenna;Emilia-Romagna;Ravenna;Emilia-Romagna;B2;RA
Ravenna;Bertinoro;Ravenna;Emilia-Romagna;Forl-Cesena;Emilia-Romagna;B2;RA
Ravenna;Cesena;Ravenna;Emilia-Romagna;Forl-Cesena;Emilia-Romagna;B2;RA
Ravenna;Forl;Ravenna;Emilia-Romagna;Forl-Cesena;Emilia-Romagna;B2;RA
Riolo Terme;Borgo Tossignano;Ravenna;Emilia-Romagna;Bologna;Emilia-Romagna;C2;RA
Riolo Terme;Imola;Ravenna;Emilia-Romagna;Bologna;Emilia-Romagna;C2;RA
Riolo Terme;Brisighella;Ravenna;Emilia-Romagna;Ravenna;Emilia-Romagna;C2;RA
Riolo Terme;Casola Valsenio;Ravenna;Emilia-Romagna;Ravenna;Emilia-Romagna;C2;RA
Riolo Terme;Castel Bolognese;Ravenna;Emilia-Romagna;Ravenna;Emilia-Romagna;C2;RA
Riolo Terme;Faenza;Ravenna;Emilia-Romagna;Ravenna;Emilia-Romagna;C2;RA
Russi;Bagnacavallo;Ravenna;Emilia-Romagna;Ravenna;Emilia-Romagna;B1;RA
Russi;Faenza;Ravenna;Emilia-Romagna;Ravenna;Emilia-Romagna;B1;RA
Russi;Ravenna;Ravenna;Emilia-Romagna;Ravenna;Emilia-Romagna;B1;RA
Russi;Forl;Ravenna;Emilia-Romagna;Forl-Cesena;Emilia-Romagna;B1;RA
Sant'Agata sul Santerno;Lugo;Ravenna;Emilia-Romagna;Ravenna;Emilia-Romagna;D1;RA
Sant'Agata sul Santerno;Massa Lombarda;Ravenna;Emilia-Romagna;Ravenna;Emilia-Romagna;D1;RA
Solarolo;Imola;Ravenna;Emilia-Romagna;Bologna;Emilia-Romagna;D1;RA
Solarolo;Bagnara di Romagna;Ravenna;Emilia-Romagna;Ravenna;Emilia-Romagna;D1;RA
Solarolo;Castel Bolognese;Ravenna;Emilia-Romagna;Ravenna;Emilia-Romagna;D1;RA
Solarolo;Cotignola;Ravenna;Emilia-Romagna;Ravenna;Emilia-Romagna;D1;RA
Solarolo;Faenza;Ravenna;Emilia-Romagna;Ravenna;Emilia-Romagna;D1;RA
Bagno di Romagna;Mercato Saraceno;Forl-Cesena;Emilia-Romagna;Forl-Cesena;Emilia-Romagna;A1;FC
Bagno di Romagna;Santa Sofia;Forl-Cesena;Emilia-Romagna;Forl-Cesena;Emilia-Romagna;A1;FC
Bagno di Romagna;Sarsina;Forl-Cesena;Emilia-Romagna;Forl-Cesena;Emilia-Romagna;A1;FC
Bagno di Romagna;Verghereto;Forl-Cesena;Emilia-Romagna;Forl-Cesena;Emilia-Romagna;A1;FC
Bagno di Romagna;Bibbiena;Forl-Cesena;Emilia-Romagna;Arezzo;Toscana;A1;FC
Bagno di Romagna;Chiusi della Verna;Forl-Cesena;Emilia-Romagna;Arezzo;Toscana;A1;FC
Bagno di Romagna;Poppi;Forl-Cesena;Emilia-Romagna;Arezzo;Toscana;A1;FC
Bagno di Romagna;Pratovecchio Stia;Forl-Cesena;Emilia-Romagna;Arezzo;Toscana;A1;FC
Bertinoro;Ravenna;Forl-Cesena;Emilia-Romagna;Ravenna;Emilia-Romagna;B1;FC
Bertinoro;Cesena;Forl-Cesena;Emilia-Romagna;Forl-Cesena;Emilia-Romagna;B1;FC
Bertinoro;Forl;Forl-Cesena;Emilia-Romagna;Forl-Cesena;Emilia-Romagna;B1;FC
Bertinoro;Forlimpopoli;Forl-Cesena;Emilia-Romagna;Forl-Cesena;Emilia-Romagna;B1;FC
Bertinoro;Meldola;Forl-Cesena;Emilia-Romagna;Forl-Cesena;Emilia-Romagna;B1;FC
Borghi;Longiano;Forl-Cesena;Emilia-Romagna;Forl-Cesena;Emilia-Romagna;B1;FC
Borghi;Roncofreddo;Forl-Cesena;Emilia-Romagna;Forl-Cesena;Emilia-Romagna;B1;FC
Borghi;Sogliano al Rubicone;Forl-Cesena;Emilia-Romagna;Forl-Cesena;Emilia-Romagna;B1;FC
Borghi;Poggio Torriana;Forl-Cesena;Emilia-Romagna;Rimini;Emilia-Romagna;B1;FC
Borghi;Santarcangelo di Romagna;Forl-Cesena;Emilia-Romagna;Rimini;Emilia-Romagna;B1;FC
Castrocaro Terme e Terra del Sole;Brisighella;Forl-Cesena;Emilia-Romagna;Ravenna;Emilia-Romagna;A2;FC
Castrocaro Terme e Terra del Sole;Dovadola;Forl-Cesena;Emilia-Romagna;Forl-Cesena;Emilia-Romagna;A2;FC
Castrocaro Terme e Terra del Sole;Forl;Forl-Cesena;Emilia-Romagna;Forl-Cesena;Emilia-Romagna;A2;FC
Castrocaro Terme e Terra del Sole;Modigliana;Forl-Cesena;Emilia-Romagna;Forl-Cesena;Emilia-Romagna;A2;FC
Castrocaro Terme e Terra del Sole;Predappio;Forl-Cesena;Emilia-Romagna;Forl-Cesena;Emilia-Romagna;A2;FC
Cesena;Cervia;Forl-Cesena;Emilia-Romagna;Ravenna;Emilia-Romagna;B1;FC
Cesena;Ravenna;Forl-Cesena;Emilia-Romagna;Ravenna;Emilia-Romagna;B1;FC
Cesena;Bertinoro;Forl-Cesena;Emilia-Romagna;Forl-Cesena;Emilia-Romagna;B1;FC
Cesena;Cesenatico;Forl-Cesena;Emilia-Romagna;Forl-Cesena;Emilia-Romagna;B1;FC
Cesena;Civitella di Romagna;Forl-Cesena;Emilia-Romagna;Forl-Cesena;Emilia-Romagna;B1;FC
Cesena;Gambettola;Forl-Cesena;Emilia-Romagna;Forl-Cesena;Emilia-Romagna;B1;FC
Cesena;Longiano;Forl-Cesena;Emilia-Romagna;Forl-Cesena;Emilia-Romagna;B1;FC
Cesena;Meldola;Forl-Cesena;Emilia-Romagna;Forl-Cesena;Emilia-Romagna;B1;FC
Cesena;Mercato Saraceno;Forl-Cesena;Emilia-Romagna;Forl-Cesena;Emilia-Romagna;B1;FC
Cesena;Montiano;Forl-Cesena;Emilia-Romagna;Forl-Cesena;Emilia-Romagna;B1;FC
Cesena;Roncofreddo;Forl-Cesena;Emilia-Romagna;Forl-Cesena;Emilia-Romagna;B1;FC
Cesena;Sarsina;Forl-Cesena;Emilia-Romagna;Forl-Cesena;Emilia-Romagna;B1;FC
Cesenatico;Cervia;Forl-Cesena;Emilia-Romagna;Ravenna;Emilia-Romagna;B2;FC
Cesenatico;Cesena;Forl-Cesena;Emilia-Romagna;Forl-Cesena;Emilia-Romagna;B2;FC
Cesenatico;Gambettola;Forl-Cesena;Emilia-Romagna;Forl-Cesena;Emilia-Romagna;B2;FC
Cesenatico;Gatteo;Forl-Cesena;Emilia-Romagna;Forl-Cesena;Emilia-Romagna;B2;FC
Civitella di Romagna;Cesena;Forl-Cesena;Emilia-Romagna;Forl-Cesena;Emilia-Romagna;A2;FC
Civitella di Romagna;Galeata;Forl-Cesena;Emilia-Romagna;Forl-Cesena;Emilia-Romagna;A2;FC
Civitella di Romagna;Meldola;Forl-Cesena;Emilia-Romagna;Forl-Cesena;Emilia-Romagna;A2;FC
Civitella di Romagna;Predappio;Forl-Cesena;Emilia-Romagna;Forl-Cesena;Emilia-Romagna;A2;FC
Civitella di Romagna;Santa Sofia;Forl-Cesena;Emilia-Romagna;Forl-Cesena;Emilia-Romagna;A2;FC
Civitella di Romagna;Sarsina;Forl-Cesena;Emilia-Romagna;Forl-Cesena;Emilia-Romagna;A2;FC
Dovadola;Castrocaro Terme e Terra del Sole;Forl-Cesena;Emilia-Romagna;Forl-Cesena;Emilia-Romagna;A2;FC
Dovadola;Modigliana;Forl-Cesena;Emilia-Romagna;Forl-Cesena;Emilia-Romagna;A2;FC
Dovadola;Predappio;Forl-Cesena;Emilia-Romagna;Forl-Cesena;Emilia-Romagna;A2;FC
Dovadola;Rocca San Casciano;Forl-Cesena;Emilia-Romagna;Forl-Cesena;Emilia-Romagna;A2;FC
Forl;Brisighella;Forl-Cesena;Emilia-Romagna;Ravenna;Emilia-Romagna;B1;FC
Forl;Faenza;Forl-Cesena;Emilia-Romagna;Ravenna;Emilia-Romagna;B1;FC
Forl;Ravenna;Forl-Cesena;Emilia-Romagna;Ravenna;Emilia-Romagna;B1;FC
Forl;Russi;Forl-Cesena;Emilia-Romagna;Ravenna;Emilia-Romagna;B1;FC
Forl;Bertinoro;Forl-Cesena;Emilia-Romagna;Forl-Cesena;Emilia-Romagna;B1;FC
Forl;Castrocaro Terme e Terra del Sole;Forl-Cesena;Emilia-Romagna;Forl-Cesena;Emilia-Romagna;B1;FC
Forl;Forlimpopoli;Forl-Cesena;Emilia-Romagna;Forl-Cesena;Emilia-Romagna;B1;FC
Forl;Meldola;Forl-Cesena;Emilia-Romagna;Forl-Cesena;Emilia-Romagna;B1;FC
Forl;Predappio;Forl-Cesena;Emilia-Romagna;Forl-Cesena;Emilia-Romagna;B1;FC
Forlì;Brisighella;Forl-Cesena;Emilia-Romagna;Ravenna;Emilia-Romagna;B1;FC
Forlì;Faenza;Forl-Cesena;Emilia-Romagna;Ravenna;Emilia-Romagna;B1;FC
Forlì;Ravenna;Forl-Cesena;Emilia-Romagna;Ravenna;Emilia-Romagna;B1;FC
Forlì;Russi;Forl-Cesena;Emilia-Romagna;Ravenna;Emilia-Romagna;B1;FC
Forlì;Bertinoro;Forl-Cesena;Emilia-Romagna;Forl-Cesena;Emilia-Romagna;B1;FC
Forlì;Castrocaro Terme e Terra del Sole;Forl-Cesena;Emilia-Romagna;Forl-Cesena;Emilia-Romagna;B1;FC
Forlì;Forlimpopoli;Forl-Cesena;Emilia-Romagna;Forl-Cesena;Emilia-Romagna;B1;FC
Forlì;Meldola;Forl-Cesena;Emilia-Romagna;Forl-Cesena;Emilia-Romagna;B1;FC
Forlì;Predappio;Forl-Cesena;Emilia-Romagna;Forl-Cesena;Emilia-Romagna;B1;FC
Forli`;Brisighella;Forl-Cesena;Emilia-Romagna;Ravenna;Emilia-Romagna;B1;FC
Forli`;Faenza;Forl-Cesena;Emilia-Romagna;Ravenna;Emilia-Romagna;B1;FC
Forli`;Ravenna;Forl-Cesena;Emilia-Romagna;Ravenna;Emilia-Romagna;B1;FC
Forli`;Russi;Forl-Cesena;Emilia-Romagna;Ravenna;Emilia-Romagna;B1;FC
Forli`;Bertinoro;Forl-Cesena;Emilia-Romagna;Forl-Cesena;Emilia-Romagna;B1;FC
Forli`;Castrocaro Terme e Terra del Sole;Forl-Cesena;Emilia-Romagna;Forl-Cesena;Emilia-Romagna;B1;FC
Forli`;Forlimpopoli;Forl-Cesena;Emilia-Romagna;Forl-Cesena;Emilia-Romagna;B1;FC
Forli`;Meldola;Forl-Cesena;Emilia-Romagna;Forl-Cesena;Emilia-Romagna;B1;FC
Forli`;Predappio;Forl-Cesena;Emilia-Romagna;Forl-Cesena;Emilia-Romagna;B1;FC
Forlimpopoli;Bertinoro;Forl-Cesena;Emilia-Romagna;Forl-Cesena;Emilia-Romagna;B1;FC
Forlimpopoli;Forl;Forl-Cesena;Emilia-Romagna;Forl-Cesena;Emilia-Romagna;B1;FC
Galeata;Civitella di Romagna;Forl-Cesena;Emilia-Romagna;Forl-Cesena;Emilia-Romagna;A2;FC
Galeata;Predappio;Forl-Cesena;Emilia-Romagna;Forl-Cesena;Emilia-Romagna;A2;FC
Galeata;Premilcuore;Forl-Cesena;Emilia-Romagna;Forl-Cesena;Emilia-Romagna;A2;FC
Galeata;Rocca San Casciano;Forl-Cesena;Emilia-Romagna;Forl-Cesena;Emilia-Romagna;A2;FC
Galeata;Santa Sofia;Forl-Cesena;Emilia-Romagna;Forl-Cesena;Emilia-Romagna;A2;FC
Gambettola;Cesena;Forl-Cesena;Emilia-Romagna;Forl-Cesena;Emilia-Romagna;B1;FC
Gambettola;Cesenatico;Forl-Cesena;Emilia-Romagna;Forl-Cesena;Emilia-Romagna;B1;FC
Gambettola;Gatteo;Forl-Cesena;Emilia-Romagna;Forl-Cesena;Emilia-Romagna;B1;FC
Gambettola;Longiano;Forl-Cesena;Emilia-Romagna;Forl-Cesena;Emilia-Romagna;B1;FC
Gatteo;Cesenatico;Forl-Cesena;Emilia-Romagna;Forl-Cesena;Emilia-Romagna;B2;FC
Gatteo;Gambettola;Forl-Cesena;Emilia-Romagna;Forl-Cesena;Emilia-Romagna;B2;FC
Gatteo;Longiano;Forl-Cesena;Emilia-Romagna;Forl-Cesena;Emilia-Romagna;B2;FC
Gatteo;Savignano sul Rubicone;Forl-Cesena;Emilia-Romagna;Forl-Cesena;Emilia-Romagna;B2;FC
Longiano;Borghi;Forl-Cesena;Emilia-Romagna;Forl-Cesena;Emilia-Romagna;B1;FC
Longiano;Cesena;Forl-Cesena;Emilia-Romagna;Forl-Cesena;Emilia-Romagna;B1;FC
Longiano;Gambettola;Forl-Cesena;Emilia-Romagna;Forl-Cesena;Emilia-Romagna;B1;FC
Longiano;Gatteo;Forl-Cesena;Emilia-Romagna;Forl-Cesena;Emilia-Romagna;B1;FC
Longiano;Montiano;Forl-Cesena;Emilia-Romagna;Forl-Cesena;Emilia-Romagna;B1;FC
Longiano;Roncofreddo;Forl-Cesena;Emilia-Romagna;Forl-Cesena;Emilia-Romagna;B1;FC
Longiano;Savignano sul Rubicone;Forl-Cesena;Emilia-Romagna;Forl-Cesena;Emilia-Romagna;B1;FC
Longiano;Santarcangelo di Romagna;Forl-Cesena;Emilia-Romagna;Rimini;Emilia-Romagna;B1;FC
Meldola;Bertinoro;Forl-Cesena;Emilia-Romagna;Forl-Cesena;Emilia-Romagna;A2;FC
Meldola;Cesena;Forl-Cesena;Emilia-Romagna;Forl-Cesena;Emilia-Romagna;A2;FC
Meldola;Civitella di Romagna;Forl-Cesena;Emilia-Romagna;Forl-Cesena;Emilia-Romagna;A2;FC
Meldola;Forl;Forl-Cesena;Emilia-Romagna;Forl-Cesena;Emilia-Romagna;A2;FC
Meldola;Predappio;Forl-Cesena;Emilia-Romagna;Forl-Cesena;Emilia-Romagna;A2;FC
Mercato Saraceno;Bagno di Romagna;Forl-Cesena;Emilia-Romagna;Forl-Cesena;Emilia-Romagna;A2;FC
Mercato Saraceno;Cesena;Forl-Cesena;Emilia-Romagna;Forl-Cesena;Emilia-Romagna;A2;FC
Mercato Saraceno;Roncofreddo;Forl-Cesena;Emilia-Romagna;Forl-Cesena;Emilia-Romagna;A2;FC
Mercato Saraceno;Sarsina;Forl-Cesena;Emilia-Romagna;Forl-Cesena;Emilia-Romagna;A2;FC
Mercato Saraceno;Sogliano al Rubicone;Forl-Cesena;Emilia-Romagna;Forl-Cesena;Emilia-Romagna;A2;FC
Mercato Saraceno;Novafeltria;Forl-Cesena;Emilia-Romagna;Rimini;Emilia-Romagna;A2;FC
Mercato Saraceno;Talamello;Forl-Cesena;Emilia-Romagna;Rimini;Emilia-Romagna;A2;FC
Modigliana;Brisighella;Forl-Cesena;Emilia-Romagna;Ravenna;Emilia-Romagna;A2;FC
Modigliana;Castrocaro Terme e Terra del Sole;Forl-Cesena;Emilia-Romagna;Forl-Cesena;Emilia-Romagna;A2;FC
Modigliana;Dovadola;Forl-Cesena;Emilia-Romagna;Forl-Cesena;Emilia-Romagna;A2;FC
Modigliana;Rocca San Casciano;Forl-Cesena;Emilia-Romagna;Forl-Cesena;Emilia-Romagna;A2;FC
Modigliana;Tredozio;Forl-Cesena;Emilia-Romagna;Forl-Cesena;Emilia-Romagna;A2;FC
Modigliana;Marradi;Forl-Cesena;Emilia-Romagna;Firenze;Toscana;A2;FC
Montiano;Cesena;Forl-Cesena;Emilia-Romagna;Forl-Cesena;Emilia-Romagna;B1;FC
Montiano;Longiano;Forl-Cesena;Emilia-Romagna;Forl-Cesena;Emilia-Romagna;B1;FC
Montiano;Roncofreddo;Forl-Cesena;Emilia-Romagna;Forl-Cesena;Emilia-Romagna;B1;FC
Portico e San Benedetto;Premilcuore;Forl-Cesena;Emilia-Romagna;Forl-Cesena;Emilia-Romagna;A1;FC
Portico e San Benedetto;Rocca San Casciano;Forl-Cesena;Emilia-Romagna;Forl-Cesena;Emilia-Romagna;A1;FC
Portico e San Benedetto;Tredozio;Forl-Cesena;Emilia-Romagna;Forl-Cesena;Emilia-Romagna;A1;FC
Portico e San Benedetto;Marradi;Forl-Cesena;Emilia-Romagna;Firenze;Toscana;A1;FC
Portico e San Benedetto;San Godenzo;Forl-Cesena;Emilia-Romagna;Firenze;Toscana;A1;FC
Predappio;Castrocaro Terme e Terra del Sole;Forl-Cesena;Emilia-Romagna;Forl-Cesena;Emilia-Romagna;A2;FC
Predappio;Civitella di Romagna;Forl-Cesena;Emilia-Romagna;Forl-Cesena;Emilia-Romagna;A2;FC
Predappio;Dovadola;Forl-Cesena;Emilia-Romagna;Forl-Cesena;Emilia-Romagna;A2;FC
Predappio;Forl;Forl-Cesena;Emilia-Romagna;Forl-Cesena;Emilia-Romagna;A2;FC
Predappio;Galeata;Forl-Cesena;Emilia-Romagna;Forl-Cesena;Emilia-Romagna;A2;FC
Predappio;Meldola;Forl-Cesena;Emilia-Romagna;Forl-Cesena;Emilia-Romagna;A2;FC
Predappio;Rocca San Casciano;Forl-Cesena;Emilia-Romagna;Forl-Cesena;Emilia-Romagna;A2;FC
Premilcuore;Galeata;Forl-Cesena;Emilia-Romagna;Forl-Cesena;Emilia-Romagna;A1;FC
Premilcuore;Portico e San Benedetto;Forl-Cesena;Emilia-Romagna;Forl-Cesena;Emilia-Romagna;A1;FC
Premilcuore;Rocca San Casciano;Forl-Cesena;Emilia-Romagna;Forl-Cesena;Emilia-Romagna;A1;FC
Premilcuore;Santa Sofia;Forl-Cesena;Emilia-Romagna;Forl-Cesena;Emilia-Romagna;A1;FC
Premilcuore;San Godenzo;Forl-Cesena;Emilia-Romagna;Firenze;Toscana;A1;FC
Rocca San Casciano;Dovadola;Forl-Cesena;Emilia-Romagna;Forl-Cesena;Emilia-Romagna;A2;FC
Rocca San Casciano;Galeata;Forl-Cesena;Emilia-Romagna;Forl-Cesena;Emilia-Romagna;A2;FC
Rocca San Casciano;Modigliana;Forl-Cesena;Emilia-Romagna;Forl-Cesena;Emilia-Romagna;A2;FC
Rocca San Casciano;Portico e San Benedetto;Forl-Cesena;Emilia-Romagna;Forl-Cesena;Emilia-Romagna;A2;FC
Rocca San Casciano;Predappio;Forl-Cesena;Emilia-Romagna;Forl-Cesena;Emilia-Romagna;A2;FC
Rocca San Casciano;Premilcuore;Forl-Cesena;Emilia-Romagna;Forl-Cesena;Emilia-Romagna;A2;FC
Rocca San Casciano;Tredozio;Forl-Cesena;Emilia-Romagna;Forl-Cesena;Emilia-Romagna;A2;FC
Roncofreddo;Borghi;Forl-Cesena;Emilia-Romagna;Forl-Cesena;Emilia-Romagna;B1;FC
Roncofreddo;Cesena;Forl-Cesena;Emilia-Romagna;Forl-Cesena;Emilia-Romagna;B1;FC
Roncofreddo;Longiano;Forl-Cesena;Emilia-Romagna;Forl-Cesena;Emilia-Romagna;B1;FC
Roncofreddo;Mercato Saraceno;Forl-Cesena;Emilia-Romagna;Forl-Cesena;Emilia-Romagna;B1;FC
Roncofreddo;Montiano;Forl-Cesena;Emilia-Romagna;Forl-Cesena;Emilia-Romagna;B1;FC
Roncofreddo;Sogliano al Rubicone;Forl-Cesena;Emilia-Romagna;Forl-Cesena;Emilia-Romagna;B1;FC
San Mauro Pascoli;Savignano sul Rubicone;Forl-Cesena;Emilia-Romagna;Forl-Cesena;Emilia-Romagna;B2;FC
San Mauro Pascoli;Bellaria-Igea Marina;Forl-Cesena;Emilia-Romagna;Rimini;Emilia-Romagna;B2;FC
San Mauro Pascoli;Rimini;Forl-Cesena;Emilia-Romagna;Rimini;Emilia-Romagna;B2;FC
San Mauro Pascoli;Santarcangelo di Romagna;Forl-Cesena;Emilia-Romagna;Rimini;Emilia-Romagna;B2;FC
Santa Sofia;Bagno di Romagna;Forl-Cesena;Emilia-Romagna;Forl-Cesena;Emilia-Romagna;A1;FC
Santa Sofia;Civitella di Romagna;Forl-Cesena;Emilia-Romagna;Forl-Cesena;Emilia-Romagna;A1;FC
Santa Sofia;Galeata;Forl-Cesena;Emilia-Romagna;Forl-Cesena;Emilia-Romagna;A1;FC
Santa Sofia;Premilcuore;Forl-Cesena;Emilia-Romagna;Forl-Cesena;Emilia-Romagna;A1;FC
Santa Sofia;Sarsina;Forl-Cesena;Emilia-Romagna;Forl-Cesena;Emilia-Romagna;A1;FC
Santa Sofia;San Godenzo;Forl-Cesena;Emilia-Romagna;Firenze;Toscana;A1;FC
Santa Sofia;Pratovecchio Stia;Forl-Cesena;Emilia-Romagna;Arezzo;Toscana;A1;FC
Sarsina;Bagno di Romagna;Forl-Cesena;Emilia-Romagna;Forl-Cesena;Emilia-Romagna;A2;FC
Sarsina;Cesena;Forl-Cesena;Emilia-Romagna;Forl-Cesena;Emilia-Romagna;A2;FC
Sarsina;Civitella di Romagna;Forl-Cesena;Emilia-Romagna;Forl-Cesena;Emilia-Romagna;A2;FC
Sarsina;Mercato Saraceno;Forl-Cesena;Emilia-Romagna;Forl-Cesena;Emilia-Romagna;A2;FC
Sarsina;Santa Sofia;Forl-Cesena;Emilia-Romagna;Forl-Cesena;Emilia-Romagna;A2;FC
Sarsina;Sogliano al Rubicone;Forl-Cesena;Emilia-Romagna;Forl-Cesena;Emilia-Romagna;A2;FC
Sarsina;Verghereto;Forl-Cesena;Emilia-Romagna;Forl-Cesena;Emilia-Romagna;A2;FC
Sarsina;Sant'Agata Feltria;Forl-Cesena;Emilia-Romagna;Rimini;Emilia-Romagna;A2;FC
Savignano sul Rubicone;Gatteo;Forl-Cesena;Emilia-Romagna;Forl-Cesena;Emilia-Romagna;B2;FC
Savignano sul Rubicone;Longiano;Forl-Cesena;Emilia-Romagna;Forl-Cesena;Emilia-Romagna;B2;FC
Savignano sul Rubicone;San Mauro Pascoli;Forl-Cesena;Emilia-Romagna;Forl-Cesena;Emilia-Romagna;B2;FC
Savignano sul Rubicone;Santarcangelo di Romagna;Forl-Cesena;Emilia-Romagna;Rimini;Emilia-Romagna;B2;FC
Sogliano al Rubicone;Borghi;Forl-Cesena;Emilia-Romagna;Forl-Cesena;Emilia-Romagna;B1;FC
Sogliano al Rubicone;Mercato Saraceno;Forl-Cesena;Emilia-Romagna;Forl-Cesena;Emilia-Romagna;B1;FC
Sogliano al Rubicone;Roncofreddo;Forl-Cesena;Emilia-Romagna;Forl-Cesena;Emilia-Romagna;B1;FC
Sogliano al Rubicone;Sarsina;Forl-Cesena;Emilia-Romagna;Forl-Cesena;Emilia-Romagna;B1;FC
Sogliano al Rubicone;Novafeltria;Forl-Cesena;Emilia-Romagna;Rimini;Emilia-Romagna;B1;FC
Sogliano al Rubicone;Poggio Torriana;Forl-Cesena;Emilia-Romagna;Rimini;Emilia-Romagna;B1;FC
Sogliano al Rubicone;Sant'Agata Feltria;Forl-Cesena;Emilia-Romagna;Rimini;Emilia-Romagna;B1;FC
Sogliano al Rubicone;Talamello;Forl-Cesena;Emilia-Romagna;Rimini;Emilia-Romagna;B1;FC
Tredozio;Modigliana;Forl-Cesena;Emilia-Romagna;Forl-Cesena;Emilia-Romagna;A2;FC
Tredozio;Portico e San Benedetto;Forl-Cesena;Emilia-Romagna;Forl-Cesena;Emilia-Romagna;A2;FC
Tredozio;Rocca San Casciano;Forl-Cesena;Emilia-Romagna;Forl-Cesena;Emilia-Romagna;A2;FC
Tredozio;Marradi;Forl-Cesena;Emilia-Romagna;Firenze;Toscana;A2;FC
Verghereto;Bagno di Romagna;Forl-Cesena;Emilia-Romagna;Forl-Cesena;Emilia-Romagna;A1;FC
Verghereto;Sarsina;Forl-Cesena;Emilia-Romagna;Forl-Cesena;Emilia-Romagna;A1;FC
Verghereto;Casteldelci;Forl-Cesena;Emilia-Romagna;Rimini;Emilia-Romagna;A1;FC
Verghereto;Sant'Agata Feltria;Forl-Cesena;Emilia-Romagna;Rimini;Emilia-Romagna;A1;FC
Verghereto;Badia Tedalda;Forl-Cesena;Emilia-Romagna;Arezzo;Toscana;A1;FC
Verghereto;Chiusi della Verna;Forl-Cesena;Emilia-Romagna;Arezzo;Toscana;A1;FC
Verghereto;Pieve Santo Stefano;Forl-Cesena;Emilia-Romagna;Arezzo;Toscana;A1;FC
Bellaria-Igea Marina;San Mauro Pascoli;Rimini;Emilia-Romagna;Forl-Cesena;Emilia-Romagna;B2;RN
Bellaria-Igea Marina;Rimini;Rimini;Emilia-Romagna;Rimini;Emilia-Romagna;B2;RN
Casteldelci;Verghereto;Rimini;Emilia-Romagna;Forl-Cesena;Emilia-Romagna;A1;RN
Casteldelci;Pennabilli;Rimini;Emilia-Romagna;Rimini;Emilia-Romagna;A1;RN
Casteldelci;Sant'Agata Feltria;Rimini;Emilia-Romagna;Rimini;Emilia-Romagna;A1;RN
Casteldelci;Badia Tedalda;Rimini;Emilia-Romagna;Arezzo;Toscana;A1;RN
Casteldelci;Sestino;Rimini;Emilia-Romagna;Arezzo;Toscana;A1;RN
Cattolica;Misano Adriatico;Rimini;Emilia-Romagna;Rimini;Emilia-Romagna;B2;RN
Cattolica;San Giovanni in Marignano;Rimini;Emilia-Romagna;Rimini;Emilia-Romagna;B2;RN
Cattolica;Gabicce Mare;Rimini;Emilia-Romagna;Pesaro e Urbino;Marche;B2;RN
Cattolica;Gradara;Rimini;Emilia-Romagna;Pesaro e Urbino;Marche;B2;RN
Coriano;Misano Adriatico;Rimini;Emilia-Romagna;Rimini;Emilia-Romagna;B1;RN
Coriano;Montescudo-Monte Colombo;Rimini;Emilia-Romagna;Rimini;Emilia-Romagna;B1;RN
Coriano;Riccione;Rimini;Emilia-Romagna;Rimini;Emilia-Romagna;B1;RN
Coriano;Rimini;Rimini;Emilia-Romagna;Rimini;Emilia-Romagna;B1;RN
Coriano;San Clemente;Rimini;Emilia-Romagna;Rimini;Emilia-Romagna;B1;RN
Gemmano;Montefiore Conca;Rimini;Emilia-Romagna;Rimini;Emilia-Romagna;B1;RN
Gemmano;Montescudo-Monte Colombo;Rimini;Emilia-Romagna;Rimini;Emilia-Romagna;B1;RN
Gemmano;San Clemente;Rimini;Emilia-Romagna;Rimini;Emilia-Romagna;B1;RN
Gemmano;Sassofeltrio;Rimini;Emilia-Romagna;Rimini;Emilia-Romagna;B1;RN
Gemmano;Mercatino Conca;Rimini;Emilia-Romagna;Pesaro e Urbino;Marche;B1;RN
Gemmano;Sassocorvaro Auditore;Rimini;Emilia-Romagna;Pesaro e Urbino;Marche;B1;RN
Maiolo;Montecopiolo;Rimini;Emilia-Romagna;Rimini;Emilia-Romagna;A2;RN
Maiolo;Novafeltria;Rimini;Emilia-Romagna;Rimini;Emilia-Romagna;A2;RN
Maiolo;Pennabilli;Rimini;Emilia-Romagna;Rimini;Emilia-Romagna;A2;RN
Maiolo;San Leo;Rimini;Emilia-Romagna;Rimini;Emilia-Romagna;A2;RN
Maiolo;Talamello;Rimini;Emilia-Romagna;Rimini;Emilia-Romagna;A2;RN
Misano Adriatico;Cattolica;Rimini;Emilia-Romagna;Rimini;Emilia-Romagna;B2;RN
Misano Adriatico;Coriano;Rimini;Emilia-Romagna;Rimini;Emilia-Romagna;B2;RN
Misano Adriatico;Riccione;Rimini;Emilia-Romagna;Rimini;Emilia-Romagna;B2;RN
Misano Adriatico;San Clemente;Rimini;Emilia-Romagna;Rimini;Emilia-Romagna;B2;RN
Misano Adriatico;San Giovanni in Marignano;Rimini;Emilia-Romagna;Rimini;Emilia-Romagna;B2;RN
Mondaino;Montefiore Conca;Rimini;Emilia-Romagna;Rimini;Emilia-Romagna;B1;RN
Mondaino;Montegridolfo;Rimini;Emilia-Romagna;Rimini;Emilia-Romagna;B1;RN
Mondaino;Saludecio;Rimini;Emilia-Romagna;Rimini;Emilia-Romagna;B1;RN
Mondaino;Montecalvo in Foglia;Rimini;Emilia-Romagna;Pesaro e Urbino;Marche;B1;RN
Mondaino;Tavoleto;Rimini;Emilia-Romagna;Pesaro e Urbino;Marche;B1;RN
Mondaino;Tavullia;Rimini;Emilia-Romagna;Pesaro e Urbino;Marche;B1;RN
Mondaino;Urbino;Rimini;Emilia-Romagna;Pesaro e Urbino;Marche;B1;RN
Montecopiolo;Maiolo;Rimini;Emilia-Romagna;Rimini;Emilia-Romagna;A1;RN
Montecopiolo;Pennabilli;Rimini;Emilia-Romagna;Rimini;Emilia-Romagna;A1;RN
Montecopiolo;San Leo;Rimini;Emilia-Romagna;Rimini;Emilia-Romagna;A1;RN
Montecopiolo;Carpegna;Rimini;Emilia-Romagna;Pesaro e Urbino;Marche;A1;RN
Montecopiolo;Macerata Feltria;Rimini;Emilia-Romagna;Pesaro e Urbino;Marche;A1;RN
Montecopiolo;Monte Cerignone;Rimini;Emilia-Romagna;Pesaro e Urbino;Marche;A1;RN
Montecopiolo;Monte Grimano Terme;Rimini;Emilia-Romagna;Pesaro e Urbino;Marche;A1;RN
Montecopiolo;Pietrarubbia;Rimini;Emilia-Romagna;Pesaro e Urbino;Marche;A1;RN
Montefiore Conca;Gemmano;Rimini;Emilia-Romagna;Rimini;Emilia-Romagna;B1;RN
Montefiore Conca;Mondaino;Rimini;Emilia-Romagna;Rimini;Emilia-Romagna;B1;RN
Montefiore Conca;Morciano di Romagna;Rimini;Emilia-Romagna;Rimini;Emilia-Romagna;B1;RN
Montefiore Conca;Saludecio;Rimini;Emilia-Romagna;Rimini;Emilia-Romagna;B1;RN
Montefiore Conca;San Clemente;Rimini;Emilia-Romagna;Rimini;Emilia-Romagna;B1;RN
Montefiore Conca;Sassocorvaro Auditore;Rimini;Emilia-Romagna;Pesaro e Urbino;Marche;B1;RN
Montefiore Conca;Tavoleto;Rimini;Emilia-Romagna;Pesaro e Urbino;Marche;B1;RN
Montegridolfo;Mondaino;Rimini;Emilia-Romagna;Rimini;Emilia-Romagna;B1;RN
Montegridolfo;Saludecio;Rimini;Emilia-Romagna;Rimini;Emilia-Romagna;B1;RN
Montegridolfo;Tavullia;Rimini;Emilia-Romagna;Pesaro e Urbino;Marche;B1;RN
Montegridolfo;Vallefoglia;Rimini;Emilia-Romagna;Pesaro e Urbino;Marche;B1;RN
Montescudo-Monte Colombo;Coriano;Rimini;Emilia-Romagna;Rimini;Emilia-Romagna;B1;RN
Montescudo-Monte Colombo;Gemmano;Rimini;Emilia-Romagna;Rimini;Emilia-Romagna;B1;RN
Montescudo-Monte Colombo;San Clemente;Rimini;Emilia-Romagna;Rimini;Emilia-Romagna;B1;RN
Montescudo-Monte Colombo;Sassofeltrio;Rimini;Emilia-Romagna;Rimini;Emilia-Romagna;B1;RN
Morciano di Romagna;Montefiore Conca;Rimini;Emilia-Romagna;Rimini;Emilia-Romagna;B1;RN
Morciano di Romagna;Saludecio;Rimini;Emilia-Romagna;Rimini;Emilia-Romagna;B1;RN
Morciano di Romagna;San Clemente;Rimini;Emilia-Romagna;Rimini;Emilia-Romagna;B1;RN
Morciano di Romagna;San Giovanni in Marignano;Rimini;Emilia-Romagna;Rimini;Emilia-Romagna;B1;RN
Novafeltria;Mercato Saraceno;Rimini;Emilia-Romagna;Forl-Cesena;Emilia-Romagna;A2;RN
Novafeltria;Sogliano al Rubicone;Rimini;Emilia-Romagna;Forl-Cesena;Emilia-Romagna;A2;RN
Novafeltria;Maiolo;Rimini;Emilia-Romagna;Rimini;Emilia-Romagna;A2;RN
Novafeltria;Pennabilli;Rimini;Emilia-Romagna;Rimini;Emilia-Romagna;A2;RN
Novafeltria;Poggio Torriana;Rimini;Emilia-Romagna;Rimini;Emilia-Romagna;A2;RN
Novafeltria;San Leo;Rimini;Emilia-Romagna;Rimini;Emilia-Romagna;A2;RN
Novafeltria;Sant'Agata Feltria;Rimini;Emilia-Romagna;Rimini;Emilia-Romagna;A2;RN
Novafeltria;Talamello;Rimini;Emilia-Romagna;Rimini;Emilia-Romagna;A2;RN
Pennabilli;Casteldelci;Rimini;Emilia-Romagna;Rimini;Emilia-Romagna;A1;RN
Pennabilli;Maiolo;Rimini;Emilia-Romagna;Rimini;Emilia-Romagna;A1;RN
Pennabilli;Montecopiolo;Rimini;Emilia-Romagna;Rimini;Emilia-Romagna;A1;RN
Pennabilli;Novafeltria;Rimini;Emilia-Romagna;Rimini;Emilia-Romagna;A1;RN
Pennabilli;Sant'Agata Feltria;Rimini;Emilia-Romagna;Rimini;Emilia-Romagna;A1;RN
Pennabilli;Badia Tedalda;Rimini;Emilia-Romagna;Arezzo;Toscana;A1;RN
Pennabilli;Sestino;Rimini;Emilia-Romagna;Arezzo;Toscana;A1;RN
Pennabilli;Carpegna;Rimini;Emilia-Romagna;Pesaro e Urbino;Marche;A1;RN
Poggio Torriana;Borghi;Rimini;Emilia-Romagna;Forl-Cesena;Emilia-Romagna;B1;RN
Poggio Torriana;Sogliano al Rubicone;Rimini;Emilia-Romagna;Forl-Cesena;Emilia-Romagna;B1;RN
Poggio Torriana;Novafeltria;Rimini;Emilia-Romagna;Rimini;Emilia-Romagna;B1;RN
Poggio Torriana;San Leo;Rimini;Emilia-Romagna;Rimini;Emilia-Romagna;B1;RN
Poggio Torriana;Santarcangelo di Romagna;Rimini;Emilia-Romagna;Rimini;Emilia-Romagna;B1;RN
Poggio Torriana;Verucchio;Rimini;Emilia-Romagna;Rimini;Emilia-Romagna;B1;RN
Riccione;Coriano;Rimini;Emilia-Romagna;Rimini;Emilia-Romagna;B2;RN
Riccione;Misano Adriatico;Rimini;Emilia-Romagna;Rimini;Emilia-Romagna;B2;RN
Riccione;Rimini;Rimini;Emilia-Romagna;Rimini;Emilia-Romagna;B2;RN
Rimini;San Mauro Pascoli;Rimini;Emilia-Romagna;Forl-Cesena;Emilia-Romagna;B2;RN
Rimini;Bellaria-Igea Marina;Rimini;Emilia-Romagna;Rimini;Emilia-Romagna;B2;RN
Rimini;Coriano;Rimini;Emilia-Romagna;Rimini;Emilia-Romagna;B2;RN
Rimini;Riccione;Rimini;Emilia-Romagna;Rimini;Emilia-Romagna;B2;RN
Rimini;Santarcangelo di Romagna;Rimini;Emilia-Romagna;Rimini;Emilia-Romagna;B2;RN
Rimini;Verucchio;Rimini;Emilia-Romagna;Rimini;Emilia-Romagna;B2;RN
Saludecio;Mondaino;Rimini;Emilia-Romagna;Rimini;Emilia-Romagna;B1;RN
Saludecio;Montefiore Conca;Rimini;Emilia-Romagna;Rimini;Emilia-Romagna;B1;RN
Saludecio;Montegridolfo;Rimini;Emilia-Romagna;Rimini;Emilia-Romagna;B1;RN
Saludecio;Morciano di Romagna;Rimini;Emilia-Romagna;Rimini;Emilia-Romagna;B1;RN
Saludecio;San Giovanni in Marignano;Rimini;Emilia-Romagna;Rimini;Emilia-Romagna;B1;RN
Saludecio;Tavoleto;Rimini;Emilia-Romagna;Pesaro e Urbino;Marche;B1;RN
Saludecio;Tavullia;Rimini;Emilia-Romagna;Pesaro e Urbino;Marche;B1;RN
San Clemente;Coriano;Rimini;Emilia-Romagna;Rimini;Emilia-Romagna;B1;RN
San Clemente;Gemmano;Rimini;Emilia-Romagna;Rimini;Emilia-Romagna;B1;RN
San Clemente;Misano Adriatico;Rimini;Emilia-Romagna;Rimini;Emilia-Romagna;B1;RN
San Clemente;Montefiore Conca;Rimini;Emilia-Romagna;Rimini;Emilia-Romagna;B1;RN
San Clemente;Montescudo-Monte Colombo;Rimini;Emilia-Romagna;Rimini;Emilia-Romagna;B1;RN
San Clemente;Morciano di Romagna;Rimini;Emilia-Romagna;Rimini;Emilia-Romagna;B1;RN
San Clemente;San Giovanni in Marignano;Rimini;Emilia-Romagna;Rimini;Emilia-Romagna;B1;RN
San Giovanni in Marignano;Cattolica;Rimini;Emilia-Romagna;Rimini;Emilia-Romagna;B1;RN
San Giovanni in Marignano;Misano Adriatico;Rimini;Emilia-Romagna;Rimini;Emilia-Romagna;B1;RN
San Giovanni in Marignano;Morciano di Romagna;Rimini;Emilia-Romagna;Rimini;Emilia-Romagna;B1;RN
San Giovanni in Marignano;Saludecio;Rimini;Emilia-Romagna;Rimini;Emilia-Romagna;B1;RN
San Giovanni in Marignano;San Clemente;Rimini;Emilia-Romagna;Rimini;Emilia-Romagna;B1;RN
San Giovanni in Marignano;Gradara;Rimini;Emilia-Romagna;Pesaro e Urbino;Marche;B1;RN
San Giovanni in Marignano;Tavullia;Rimini;Emilia-Romagna;Pesaro e Urbino;Marche;B1;RN
San Leo;Maiolo;Rimini;Emilia-Romagna;Rimini;Emilia-Romagna;A2;RN
San Leo;Montecopiolo;Rimini;Emilia-Romagna;Rimini;Emilia-Romagna;A2;RN
San Leo;Novafeltria;Rimini;Emilia-Romagna;Rimini;Emilia-Romagna;A2;RN
San Leo;Poggio Torriana;Rimini;Emilia-Romagna;Rimini;Emilia-Romagna;A2;RN
San Leo;Sassofeltrio;Rimini;Emilia-Romagna;Rimini;Emilia-Romagna;A2;RN
San Leo;Verucchio;Rimini;Emilia-Romagna;Rimini;Emilia-Romagna;A2;RN
San Leo;Monte Grimano Terme;Rimini;Emilia-Romagna;Pesaro e Urbino;Marche;A2;RN
Sant'Agata Feltria;Sarsina;Rimini;Emilia-Romagna;Forl-Cesena;Emilia-Romagna;A2;RN
Sant'Agata Feltria;Sogliano al Rubicone;Rimini;Emilia-Romagna;Forl-Cesena;Emilia-Romagna;A2;RN
Sant'Agata Feltria;Verghereto;Rimini;Emilia-Romagna;Forl-Cesena;Emilia-Romagna;A2;RN
Sant'Agata Feltria;Casteldelci;Rimini;Emilia-Romagna;Rimini;Emilia-Romagna;A2;RN
Sant'Agata Feltria;Novafeltria;Rimini;Emilia-Romagna;Rimini;Emilia-Romagna;A2;RN
Sant'Agata Feltria;Pennabilli;Rimini;Emilia-Romagna;Rimini;Emilia-Romagna;A2;RN
Sant'Agata Feltria;Badia Tedalda;Rimini;Emilia-Romagna;Arezzo;Toscana;A2;RN
Santarcangelo di Romagna;Borghi;Rimini;Emilia-Romagna;Forl-Cesena;Emilia-Romagna;B1;RN
Santarcangelo di Romagna;Longiano;Rimini;Emilia-Romagna;Forl-Cesena;Emilia-Romagna;B1;RN
Santarcangelo di Romagna;San Mauro Pascoli;Rimini;Emilia-Romagna;Forl-Cesena;Emilia-Romagna;B1;RN
Santarcangelo di Romagna;Savignano sul Rubicone;Rimini;Emilia-Romagna;Forl-Cesena;Emilia-Romagna;B1;RN
Santarcangelo di Romagna;Poggio Torriana;Rimini;Emilia-Romagna;Rimini;Emilia-Romagna;B1;RN
Santarcangelo di Romagna;Rimini;Rimini;Emilia-Romagna;Rimini;Emilia-Romagna;B1;RN
Santarcangelo di Romagna;Verucchio;Rimini;Emilia-Romagna;Rimini;Emilia-Romagna;B1;RN
Sassofeltrio;Gemmano;Rimini;Emilia-Romagna;Rimini;Emilia-Romagna;A2;RN
Sassofeltrio;Montescudo-Monte Colombo;Rimini;Emilia-Romagna;Rimini;Emilia-Romagna;A2;RN
Sassofeltrio;San Leo;Rimini;Emilia-Romagna;Rimini;Emilia-Romagna;A2;RN
Sassofeltrio;Verucchio;Rimini;Emilia-Romagna;Rimini;Emilia-Romagna;A2;RN
Sassofeltrio;Mercatino Conca;Rimini;Emilia-Romagna;Pesaro e Urbino;Marche;A2;RN
Sassofeltrio;Monte Grimano Terme;Rimini;Emilia-Romagna;Pesaro e Urbino;Marche;A2;RN
Talamello;Mercato Saraceno;Rimini;Emilia-Romagna;Forl-Cesena;Emilia-Romagna;A2;RN
Talamello;Sogliano al Rubicone;Rimini;Emilia-Romagna;Forl-Cesena;Emilia-Romagna;A2;RN
Talamello;Maiolo;Rimini;Emilia-Romagna;Rimini;Emilia-Romagna;A2;RN
Talamello;Novafeltria;Rimini;Emilia-Romagna;Rimini;Emilia-Romagna;A2;RN
Verucchio;Poggio Torriana;Rimini;Emilia-Romagna;Rimini;Emilia-Romagna;B1;RN
Verucchio;Rimini;Rimini;Emilia-Romagna;Rimini;Emilia-Romagna;B1;RN
Verucchio;San Leo;Rimini;Emilia-Romagna;Rimini;Emilia-Romagna;B1;RN
Verucchio;Santarcangelo di Romagna;Rimini;Emilia-Romagna;Rimini;Emilia-Romagna;B1;RN
Verucchio;Sassofeltrio;Rimini;Emilia-Romagna;Rimini;Emilia-Romagna;B1;RN
Caminata;Canevino;Piacenza;Emilia-Romagna;Pavia;Lombardia;H1;PC
Caminata;Ruino;Piacenza;Emilia-Romagna;Pavia;Lombardia;H1;PC
Caminata;Nibbiano;Piacenza;Emilia-Romagna;Piacenza;Emilia-Romagna;H1;PC
Nibbiano;Canevino;Piacenza;Emilia-Romagna;Pavia;Lombardia;H1;PC
Nibbiano;Golferenzo;Piacenza;Emilia-Romagna;Pavia;Lombardia;H1;PC
Nibbiano;Ruino;Piacenza;Emilia-Romagna;Pavia;Lombardia;H1;PC
Nibbiano;Santa Maria della Versa;Piacenza;Emilia-Romagna;Pavia;Lombardia;H1;PC
Nibbiano;Volpara;Piacenza;Emilia-Romagna;Pavia;Lombardia;H1;PC
Nibbiano;Zavattarello;Piacenza;Emilia-Romagna;Pavia;Lombardia;H1;PC
Nibbiano;Borgonovo Val Tidone;Piacenza;Emilia-Romagna;Piacenza;Emilia-Romagna;H1;PC
Nibbiano;Caminata;Piacenza;Emilia-Romagna;Piacenza;Emilia-Romagna;H1;PC
Nibbiano;Pecorara;Piacenza;Emilia-Romagna;Piacenza;Emilia-Romagna;H1;PC
Nibbiano;Pianello Val Tidone;Piacenza;Emilia-Romagna;Piacenza;Emilia-Romagna;H1;PC
Nibbiano;Ziano Piacentino;Piacenza;Emilia-Romagna;Piacenza;Emilia-Romagna;H1;PC
Pecorara;Romagnese;Piacenza;Emilia-Romagna;Pavia;Lombardia;H1;PC
Pecorara;Zavattarello;Piacenza;Emilia-Romagna;Pavia;Lombardia;H1;PC
Pecorara;Bobbio;Piacenza;Emilia-Romagna;Piacenza;Emilia-Romagna;H1;PC
Pecorara;Nibbiano;Piacenza;Emilia-Romagna;Piacenza;Emilia-Romagna;H1;PC
Pecorara;Pianello Val Tidone;Piacenza;Emilia-Romagna;Piacenza;Emilia-Romagna;H1;PC
Pecorara;Piozzano;Piacenza;Emilia-Romagna;Piacenza;Emilia-Romagna;H1;PC
Pecorara;Travo;Piacenza;Emilia-Romagna;Piacenza;Emilia-Romagna;H1;PC
Mezzani;Casalmaggiore;Parma;Emilia-Romagna;Cremona;Lombardia;F3;PR
Mezzani;Viadana;Parma;Emilia-Romagna;Mantova;Lombardia;F3;PR
Mezzani;Colorno;Parma;Emilia-Romagna;Parma;Emilia-Romagna;F3;PR
Mezzani;Parma;Parma;Emilia-Romagna;Parma;Emilia-Romagna;F3;PR
Mezzani;Sorbolo;Parma;Emilia-Romagna;Parma;Emilia-Romagna;F3;PR
Mezzani;Torrile;Parma;Emilia-Romagna;Parma;Emilia-Romagna;F3;PR
Mezzani;Brescello;Parma;Emilia-Romagna;Reggio Emilia;Emilia-Romagna;F3;PR
Polesine Parmense;Stagno Lombardo;Parma;Emilia-Romagna;Cremona;Lombardia;H2;PR
Polesine Parmense;Villanova sull'Arda;Parma;Emilia-Romagna;Piacenza;Emilia-Romagna;H2;PR
Polesine Parmense;Busseto;Parma;Emilia-Romagna;Parma;Emilia-Romagna;H2;PR
Polesine Parmense;Zibello;Parma;Emilia-Romagna;Parma;Emilia-Romagna;H2;PR
Sissa;Gussola;Parma;Emilia-Romagna;Cremona;Lombardia;H2;PR
Sissa;Martignana di Po;Parma;Emilia-Romagna;Cremona;Lombardia;H2;PR
Sissa;Torricella del Pizzo;Parma;Emilia-Romagna;Cremona;Lombardia;H2;PR
Sissa;Colorno;Parma;Emilia-Romagna;Parma;Emilia-Romagna;H2;PR
Sissa;Roccabianca;Parma;Emilia-Romagna;Parma;Emilia-Romagna;H2;PR
Sissa;San Secondo Parmense;Parma;Emilia-Romagna;Parma;Emilia-Romagna;H2;PR
Sissa;Torrile;Parma;Emilia-Romagna;Parma;Emilia-Romagna;H2;PR
Sissa;Trecasali;Parma;Emilia-Romagna;Parma;Emilia-Romagna;H2;PR
Sorbolo;Mezzani;Parma;Emilia-Romagna;Parma;Emilia-Romagna;F3;PR
Sorbolo;Parma;Parma;Emilia-Romagna;Parma;Emilia-Romagna;F3;PR
Sorbolo;Brescello;Parma;Emilia-Romagna;Reggio Emilia;Emilia-Romagna;F3;PR
Sorbolo;Gattatico;Parma;Emilia-Romagna;Reggio Emilia;Emilia-Romagna;F3;PR
Trecasali;Fontanellato;Parma;Emilia-Romagna;Parma;Emilia-Romagna;H2;PR
Trecasali;Parma;Parma;Emilia-Romagna;Parma;Emilia-Romagna;H2;PR
Trecasali;San Secondo Parmense;Parma;Emilia-Romagna;Parma;Emilia-Romagna;H2;PR
Trecasali;Sissa;Parma;Emilia-Romagna;Parma;Emilia-Romagna;H2;PR
Trecasali;Torrile;Parma;Emilia-Romagna;Parma;Emilia-Romagna;H2;PR
Zibello;Pieve d'Olmi;Parma;Emilia-Romagna;Cremona;Lombardia;H2;PR
Zibello;San Daniele Po;Parma;Emilia-Romagna;Cremona;Lombardia;H2;PR
Zibello;Stagno Lombardo;Parma;Emilia-Romagna;Cremona;Lombardia;H2;PR
Zibello;Busseto;Parma;Emilia-Romagna;Parma;Emilia-Romagna;H2;PR
Zibello;Polesine Parmense;Parma;Emilia-Romagna;Parma;Emilia-Romagna;H2;PR
Zibello;Roccabianca;Parma;Emilia-Romagna;Parma;Emilia-Romagna;H2;PR
Zibello;Soragna;Parma;Emilia-Romagna;Parma;Emilia-Romagna;H2;PR
Polesine;Stagno Lombardo;Parma;Emilia-Romagna;Cremona;Lombardia;H2;PR
Polesine;Villanova sull'Arda;Parma;Emilia-Romagna;Piacenza;Emilia-Romagna;H2;PR
Polesine;Busseto;Parma;Emilia-Romagna;Parma;Emilia-Romagna;H2;PR
Polesine;Zibello;Parma;Emilia-Romagna;Parma;Emilia-Romagna;H2;PR
Polesine;Pieve d'Olmi;Parma;Emilia-Romagna;Cremona;Lombardia;H2;PR
Polesine;San Daniele Po;Parma;Emilia-Romagna;Cremona;Lombardia;H2;PR
Polesine;Polesine Parmense;Parma;Emilia-Romagna;Parma;Emilia-Romagna;H2;PR
Polesine;Roccabianca;Parma;Emilia-Romagna;Parma;Emilia-Romagna;H2;PR
Polesine;Soragna;Parma;Emilia-Romagna;Parma;Emilia-Romagna;H2;PR
Busana;Castelnovo ne' Monti;Reggio Emilia;Emilia-Romagna;Reggio Emilia;Emilia-Romagna;E1;RE
Busana;Collagna;Reggio Emilia;Emilia-Romagna;Reggio Emilia;Emilia-Romagna;E1;RE
Busana;Ligonchio;Reggio Emilia;Emilia-Romagna;Reggio Emilia;Emilia-Romagna;E1;RE
Busana;Ramiseto;Reggio Emilia;Emilia-Romagna;Reggio Emilia;Emilia-Romagna;E1;RE
Busana;Villa Minozzo;Reggio Emilia;Emilia-Romagna;Reggio Emilia;Emilia-Romagna;E1;RE
Collagna;Busana;Reggio Emilia;Emilia-Romagna;Reggio Emilia;Emilia-Romagna;E1;RE
Collagna;Ligonchio;Reggio Emilia;Emilia-Romagna;Reggio Emilia;Emilia-Romagna;E1;RE
Collagna;Ramiseto;Reggio Emilia;Emilia-Romagna;Reggio Emilia;Emilia-Romagna;E1;RE
Collagna;Comano;Reggio Emilia;Emilia-Romagna;Massa-Carrara;Toscana;E1;RE
Collagna;Fivizzano;Reggio Emilia;Emilia-Romagna;Massa-Carrara;Toscana;E1;RE
Collagna;Sillano;Reggio Emilia;Emilia-Romagna;Lucca;Toscana;E1;RE
Ligonchio;Busana;Reggio Emilia;Emilia-Romagna;Reggio Emilia;Emilia-Romagna;E1;RE
Ligonchio;Collagna;Reggio Emilia;Emilia-Romagna;Reggio Emilia;Emilia-Romagna;E1;RE
Ligonchio;Villa Minozzo;Reggio Emilia;Emilia-Romagna;Reggio Emilia;Emilia-Romagna;E1;RE
Ligonchio;Sillano;Reggio Emilia;Emilia-Romagna;Lucca;Toscana;E1;RE
Ramiseto;Monchio delle Corti;Reggio Emilia;Emilia-Romagna;Parma;Emilia-Romagna;E1;RE
Ramiseto;Palanzano;Reggio Emilia;Emilia-Romagna;Parma;Emilia-Romagna;E1;RE
Ramiseto;Busana;Reggio Emilia;Emilia-Romagna;Reggio Emilia;Emilia-Romagna;E1;RE
Ramiseto;Castelnovo ne' Monti;Reggio Emilia;Emilia-Romagna;Reggio Emilia;Emilia-Romagna;E1;RE
Ramiseto;Collagna;Reggio Emilia;Emilia-Romagna;Reggio Emilia;Emilia-Romagna;E1;RE
Ramiseto;Vetto;Reggio Emilia;Emilia-Romagna;Reggio Emilia;Emilia-Romagna;E1;RE
Ramiseto;Comano;Reggio Emilia;Emilia-Romagna;Massa-Carrara;Toscana;E1;RE
Bazzano;Castelfranco Emilia;Bologna;Emilia-Romagna;Modena;Emilia-Romagna;C2;BO
Bazzano;San Cesario sul Panaro;Bologna;Emilia-Romagna;Modena;Emilia-Romagna;C2;BO
Bazzano;Savignano sul Panaro;Bologna;Emilia-Romagna;Modena;Emilia-Romagna;C2;BO
Bazzano;Crespellano;Bologna;Emilia-Romagna;Bologna;Emilia-Romagna;C2;BO
Bazzano;Monteveglio;Bologna;Emilia-Romagna;Bologna;Emilia-Romagna;C2;BO
Castello di Serravalle;Guiglia;Bologna;Emilia-Romagna;Modena;Emilia-Romagna;C2;BO
Castello di Serravalle;Savignano sul Panaro;Bologna;Emilia-Romagna;Modena;Emilia-Romagna;C2;BO
Castello di Serravalle;Zocca;Bologna;Emilia-Romagna;Modena;Emilia-Romagna;C2;BO
Castello di Serravalle;Monte San Pietro;Bologna;Emilia-Romagna;Bologna;Emilia-Romagna;C2;BO
Castello di Serravalle;Monteveglio;Bologna;Emilia-Romagna;Bologna;Emilia-Romagna;C2;BO
Castello di Serravalle;Savigno;Bologna;Emilia-Romagna;Bologna;Emilia-Romagna;C2;BO
Crespellano;Castelfranco Emilia;Bologna;Emilia-Romagna;Modena;Emilia-Romagna;C2;BO
Crespellano;Anzola dell'Emilia;Bologna;Emilia-Romagna;Bologna;Emilia-Romagna;C2;BO
Crespellano;Bazzano;Bologna;Emilia-Romagna;Bologna;Emilia-Romagna;C2;BO
Crespellano;Monte San Pietro;Bologna;Emilia-Romagna;Bologna;Emilia-Romagna;C2;BO
Crespellano;Monteveglio;Bologna;Emilia-Romagna;Bologna;Emilia-Romagna;C2;BO
Crespellano;Zola Predosa;Bologna;Emilia-Romagna;Bologna;Emilia-Romagna;C2;BO
Granaglione;Castel di Casio;Bologna;Emilia-Romagna;Bologna;Emilia-Romagna;C1;BO
Granaglione;Porretta Terme;Bologna;Emilia-Romagna;Bologna;Emilia-Romagna;C1;BO
Granaglione;Pistoia;Bologna;Emilia-Romagna;Pistoia;Toscana;C1;BO
Granaglione;Sambuca Pistoiese;Bologna;Emilia-Romagna;Pistoia;Toscana;C1;BO
Monteveglio;Savignano sul Panaro;Bologna;Emilia-Romagna;Modena;Emilia-Romagna;C2;BO
Monteveglio;Bazzano;Bologna;Emilia-Romagna;Bologna;Emilia-Romagna;C2;BO
Monteveglio;Castello di Serravalle;Bologna;Emilia-Romagna;Bologna;Emilia-Romagna;C2;BO
Monteveglio;Crespellano;Bologna;Emilia-Romagna;Bologna;Emilia-Romagna;C2;BO
Monteveglio;Monte San Pietro;Bologna;Emilia-Romagna;Bologna;Emilia-Romagna;C2;BO
Porretta Terme;Castel di Casio;Bologna;Emilia-Romagna;Bologna;Emilia-Romagna;C1;BO
Porretta Terme;Gaggio Montano;Bologna;Emilia-Romagna;Bologna;Emilia-Romagna;C1;BO
Porretta Terme;Granaglione;Bologna;Emilia-Romagna;Bologna;Emilia-Romagna;C1;BO
Porretta Terme;Lizzano in Belvedere;Bologna;Emilia-Romagna;Bologna;Emilia-Romagna;C1;BO
Porretta Terme;Pistoia;Bologna;Emilia-Romagna;Pistoia;Toscana;C1;BO
Savigno;Zocca;Bologna;Emilia-Romagna;Modena;Emilia-Romagna;C2;BO
Savigno;Castello di Serravalle;Bologna;Emilia-Romagna;Bologna;Emilia-Romagna;C2;BO
Savigno;Marzabotto;Bologna;Emilia-Romagna;Bologna;Emilia-Romagna;C2;BO
Savigno;Monte San Pietro;Bologna;Emilia-Romagna;Bologna;Emilia-Romagna;C2;BO
Savigno;Vergato;Bologna;Emilia-Romagna;Bologna;Emilia-Romagna;C2;BO
Berra;Ariano nel Polesine;Ferrara;Emilia-Romagna;Rovigo;Veneto;D3;FE
Berra;Crespino;Ferrara;Emilia-Romagna;Rovigo;Veneto;D3;FE
Berra;Papozze;Ferrara;Emilia-Romagna;Rovigo;Veneto;D3;FE
Berra;Villanova Marchesana;Ferrara;Emilia-Romagna;Rovigo;Veneto;D3;FE
Berra;Codigoro;Ferrara;Emilia-Romagna;Ferrara;Emilia-Romagna;D3;FE
Berra;Copparo;Ferrara;Emilia-Romagna;Ferrara;Emilia-Romagna;D3;FE
Berra;Jolanda di Savoia;Ferrara;Emilia-Romagna;Ferrara;Emilia-Romagna;D3;FE
Berra;Mesola;Ferrara;Emilia-Romagna;Ferrara;Emilia-Romagna;D3;FE
Berra;Ro;Ferrara;Emilia-Romagna;Ferrara;Emilia-Romagna;D3;FE
Formignana;Copparo;Ferrara;Emilia-Romagna;Ferrara;Emilia-Romagna;D3;FE
Formignana;Ferrara;Ferrara;Emilia-Romagna;Ferrara;Emilia-Romagna;D3;FE
Formignana;Jolanda di Savoia;Ferrara;Emilia-Romagna;Ferrara;Emilia-Romagna;D3;FE
Formignana;Tresigallo;Ferrara;Emilia-Romagna;Ferrara;Emilia-Romagna;D3;FE
Massa Fiscaglia;Codigoro;Ferrara;Emilia-Romagna;Ferrara;Emilia-Romagna;D3;FE
Massa Fiscaglia;Lagosanto;Ferrara;Emilia-Romagna;Ferrara;Emilia-Romagna;D3;FE
Massa Fiscaglia;Migliarino;Ferrara;Emilia-Romagna;Ferrara;Emilia-Romagna;D3;FE
Massa Fiscaglia;Ostellato;Ferrara;Emilia-Romagna;Ferrara;Emilia-Romagna;D3;FE
Massa Fiscaglia;Migliaro;Ferrara;Emilia-Romagna;Ferrara;Emilia-Romagna;D3;FE
Migliarino;Codigoro;Ferrara;Emilia-Romagna;Ferrara;Emilia-Romagna;D3;FE
Migliarino;Jolanda di Savoia;Ferrara;Emilia-Romagna;Ferrara;Emilia-Romagna;D3;FE
Migliarino;Massa Fiscaglia;Ferrara;Emilia-Romagna;Ferrara;Emilia-Romagna;D3;FE
Migliarino;Ostellato;Ferrara;Emilia-Romagna;Ferrara;Emilia-Romagna;D3;FE
Migliarino;Tresigallo;Ferrara;Emilia-Romagna;Ferrara;Emilia-Romagna;D3;FE
Migliarino;Migliaro;Ferrara;Emilia-Romagna;Ferrara;Emilia-Romagna;D3;FE
Mirabello;Bondeno;Ferrara;Emilia-Romagna;Ferrara;Emilia-Romagna;D1;FE
Mirabello;Poggio Renatico;Ferrara;Emilia-Romagna;Ferrara;Emilia-Romagna;D1;FE
Mirabello;Sant'Agostino;Ferrara;Emilia-Romagna;Ferrara;Emilia-Romagna;D1;FE
Mirabello;Vigarano Mainarda;Ferrara;Emilia-Romagna;Ferrara;Emilia-Romagna;D1;FE
Ro;Canaro;Ferrara;Emilia-Romagna;Rovigo;Veneto;D3;FE
Ro;Crespino;Ferrara;Emilia-Romagna;Rovigo;Veneto;D3;FE
Ro;Guarda Veneta;Ferrara;Emilia-Romagna;Rovigo;Veneto;D3;FE
Ro;Polesella;Ferrara;Emilia-Romagna;Rovigo;Veneto;D3;FE
Ro;Berra;Ferrara;Emilia-Romagna;Ferrara;Emilia-Romagna;D3;FE
Ro;Copparo;Ferrara;Emilia-Romagna;Ferrara;Emilia-Romagna;D3;FE
Ro;Ferrara;Ferrara;Emilia-Romagna;Ferrara;Emilia-Romagna;D3;FE
Sant'Agostino;Galliera;Ferrara;Emilia-Romagna;Bologna;Emilia-Romagna;D1;FE
Sant'Agostino;Pieve di Cento;Ferrara;Emilia-Romagna;Bologna;Emilia-Romagna;D1;FE
Sant'Agostino;Bondeno;Ferrara;Emilia-Romagna;Ferrara;Emilia-Romagna;D1;FE
Sant'Agostino;Cento;Ferrara;Emilia-Romagna;Ferrara;Emilia-Romagna;D1;FE
Sant'Agostino;Mirabello;Ferrara;Emilia-Romagna;Ferrara;Emilia-Romagna;D1;FE
Sant'Agostino;Poggio Renatico;Ferrara;Emilia-Romagna;Ferrara;Emilia-Romagna;D1;FE
Tresigallo;Ferrara;Ferrara;Emilia-Romagna;Ferrara;Emilia-Romagna;D3;FE
Tresigallo;Formignana;Ferrara;Emilia-Romagna;Ferrara;Emilia-Romagna;D3;FE
Tresigallo;Jolanda di Savoia;Ferrara;Emilia-Romagna;Ferrara;Emilia-Romagna;D3;FE
Tresigallo;Migliarino;Ferrara;Emilia-Romagna;Ferrara;Emilia-Romagna;D3;FE
Tresigallo;Ostellato;Ferrara;Emilia-Romagna;Ferrara;Emilia-Romagna;D3;FE
Migliaro;Massa Fiscaglia;Ferrara;Emilia-Romagna;Ferrara;Emilia-Romagna;D3;FE
Migliaro;Migliarino;Ferrara;Emilia-Romagna;Ferrara;Emilia-Romagna;D3;FE
Migliaro;Ostellato;Ferrara;Emilia-Romagna;Ferrara;Emilia-Romagna;D3;FE
Monte Colombo;Coriano;Rimini;Emilia-Romagna;Rimini;Emilia-Romagna;B1;RN
Monte Colombo;Gemmano;Rimini;Emilia-Romagna;Rimini;Emilia-Romagna;B1;RN
Monte Colombo;Montescudo;Rimini;Emilia-Romagna;Rimini;Emilia-Romagna;B1;RN
Monte Colombo;San Clemente;Rimini;Emilia-Romagna;Rimini;Emilia-Romagna;B1;RN
Montescudo;Coriano;Rimini;Emilia-Romagna;Rimini;Emilia-Romagna;B1;RN
Montescudo;Gemmano;Rimini;Emilia-Romagna;Rimini;Emilia-Romagna;B1;RN
Montescudo;Monte Colombo;Rimini;Emilia-Romagna;Rimini;Emilia-Romagna;B1;RN
Montescudo;Sassofeltrio;Rimini;Emilia-Romagna;Pesaro e Urbino;Marche;B1;RN
Poggio Berni;Borghi;Rimini;Emilia-Romagna;Forl-Cesena;Emilia-Romagna;B1;RN
Poggio Berni;Santarcangelo di Romagna;Rimini;Emilia-Romagna;Rimini;Emilia-Romagna;B1;RN
Poggio Berni;Torriana;Rimini;Emilia-Romagna;Rimini;Emilia-Romagna;B1;RN
Poggio Berni;Verucchio;Rimini;Emilia-Romagna;Rimini;Emilia-Romagna;B1;RN
Torriana;Borghi;Rimini;Emilia-Romagna;Forl-Cesena;Emilia-Romagna;B1;RN
Torriana;Sogliano al Rubicone;Rimini;Emilia-Romagna;Forl-Cesena;Emilia-Romagna;B1;RN
Torriana;Poggio Berni;Rimini;Emilia-Romagna;Rimini;Emilia-Romagna;B1;RN
Torriana;Verucchio;Rimini;Emilia-Romagna;Rimini;Emilia-Romagna;B1;RN
Torriana;Novafeltria;Rimini;Emilia-Romagna;Rimini;Emilia-Romagna;B1;RN
Torriana;San Leo;Rimini;Emilia-Romagna;Rimini;Emilia-Romagna;B1;RN
Poggio Torriana;Borghi;Rimini;Emilia-Romagna;Forl-Cesena;Emilia-Romagna;B1;RN
Poggio Torriana;Sogliano al Rubicone;Rimini;Emilia-Romagna;Forl-Cesena;Emilia-Romagna;B1;RN
Poggio Torriana;Poggio Berni;Rimini;Emilia-Romagna;Rimini;Emilia-Romagna;B1;RN
Poggio Torriana;Verucchio;Rimini;Emilia-Romagna;Rimini;Emilia-Romagna;B1;RN
Poggio Torriana;Novafeltria;Rimini;Emilia-Romagna;Rimini;Emilia-Romagna;B1;RN
Poggio Torriana;San Leo;Rimini;Emilia-Romagna;Rimini;Emilia-Romagna;B1;RN
Montescudo-Monte Colombo;Coriano;Rimini;Emilia-Romagna;Rimini;Emilia-Romagna;B1;RN
Montescudo-Monte Colombo;Gemmano;Rimini;Emilia-Romagna;Rimini;Emilia-Romagna;B1;RN
Montescudo-Monte Colombo;Montescudo;Rimini;Emilia-Romagna;Rimini;Emilia-Romagna;B1;RN
Montescudo-Monte Colombo;San Clemente;Rimini;Emilia-Romagna;Rimini;Emilia-Romagna;B1;RN
Montescudo-Monte Colombo;Monte Colombo;Rimini;Emilia-Romagna;Rimini;Emilia-Romagna;B1;RN
Montescudo-Monte Colombo;Sassofeltrio;Rimini;Emilia-Romagna;Pesaro e Urbino;Marche;B1;RN
Montescudo-MonteColombo;Coriano;Rimini;Emilia-Romagna;Rimini;Emilia-Romagna;B1;RN
Montescudo-MonteColombo;Gemmano;Rimini;Emilia-Romagna;Rimini;Emilia-Romagna;B1;RN
Montescudo-MonteColombo;Montescudo;Rimini;Emilia-Romagna;Rimini;Emilia-Romagna;B1;RN
Montescudo-MonteColombo;San Clemente;Rimini;Emilia-Romagna;Rimini;Emilia-Romagna;B1;RN
Montescudo-MonteColombo;Monte Colombo;Rimini;Emilia-Romagna;Rimini;Emilia-Romagna;B1;RN
Montescudo-MonteColombo;Sassofeltrio;Rimini;Emilia-Romagna;Pesaro e Urbino;Marche;B1;RN


